"Unique.ID","Samp.ID","Sampling.date","year","month","day","Taxon.name","Abundance"
"GER_071_MZB_LO_13","GER_071_MZB_LO_13-09.05.2009","09.05.2009",2009,5,9,"Acroloxus lacustris",2.85714
"GER_071_MZB_LO_13","GER_071_MZB_LO_13-09.05.2009","09.05.2009",2009,5,9,"Asellus aquaticus",57.14286
"GER_071_MZB_LO_13","GER_071_MZB_LO_13-09.05.2009","09.05.2009",2009,5,9,"Athripsodes cinereus",2.85714
"GER_071_MZB_LO_13","GER_071_MZB_LO_13-09.05.2009","09.05.2009",2009,5,9,"Baetis",14.28571
"GER_071_MZB_LO_13","GER_071_MZB_LO_13-09.05.2009","09.05.2009",2009,5,9,"Baetis fuscatus",22.85714
"GER_071_MZB_LO_13","GER_071_MZB_LO_13-09.05.2009","09.05.2009",2009,5,9,"Baetis vernus",37.14286
"GER_071_MZB_LO_13","GER_071_MZB_LO_13-09.05.2009","09.05.2009",2009,5,9,"Bithynia leachii",2.85714
"GER_071_MZB_LO_13","GER_071_MZB_LO_13-09.05.2009","09.05.2009",2009,5,9,"Bithynia tentaculata",14.28571
"GER_071_MZB_LO_13","GER_071_MZB_LO_13-09.05.2009","09.05.2009",2009,5,9,"Caenis horaria",61
"GER_071_MZB_LO_13","GER_071_MZB_LO_13-09.05.2009","09.05.2009",2009,5,9,"Calopteryx splendens",1
"GER_071_MZB_LO_13","GER_071_MZB_LO_13-09.05.2009","09.05.2009",2009,5,9,"Centroptilum luteolum",14.28571
"GER_071_MZB_LO_13","GER_071_MZB_LO_13-09.05.2009","09.05.2009",2009,5,9,"Ceraclea dissimilis",5.71429
"GER_071_MZB_LO_13","GER_071_MZB_LO_13-09.05.2009","09.05.2009",2009,5,9,"Chaetopteryx villosa",1
"GER_071_MZB_LO_13","GER_071_MZB_LO_13-09.05.2009","09.05.2009",2009,5,9,"Chironomidae",42.85714
"GER_071_MZB_LO_13","GER_071_MZB_LO_13-09.05.2009","09.05.2009",2009,5,9,"Chironomini",206.71429
"GER_071_MZB_LO_13","GER_071_MZB_LO_13-09.05.2009","09.05.2009",2009,5,9,"Elmis",2.85714
"GER_071_MZB_LO_13","GER_071_MZB_LO_13-09.05.2009","09.05.2009",2009,5,9,"Erpobdella octoculata",20
"GER_071_MZB_LO_13","GER_071_MZB_LO_13-09.05.2009","09.05.2009",2009,5,9,"Gammarus",2.85714
"GER_071_MZB_LO_13","GER_071_MZB_LO_13-09.05.2009","09.05.2009",2009,5,9,"Gammarus pulex",14.28571
"GER_071_MZB_LO_13","GER_071_MZB_LO_13-09.05.2009","09.05.2009",2009,5,9,"Glossiphonia complanata",2.85714
"GER_071_MZB_LO_13","GER_071_MZB_LO_13-09.05.2009","09.05.2009",2009,5,9,"Gyraulus albus",2.85714
"GER_071_MZB_LO_13","GER_071_MZB_LO_13-09.05.2009","09.05.2009",2009,5,9,"Halesus",2.85714
"GER_071_MZB_LO_13","GER_071_MZB_LO_13-09.05.2009","09.05.2009",2009,5,9,"Hydropsyche angustipennis",3.85714
"GER_071_MZB_LO_13","GER_071_MZB_LO_13-09.05.2009","09.05.2009",2009,5,9,"Hydroptila",49.57143
"GER_071_MZB_LO_13","GER_071_MZB_LO_13-09.05.2009","09.05.2009",2009,5,9,"Lype",22.85714
"GER_071_MZB_LO_13","GER_071_MZB_LO_13-09.05.2009","09.05.2009",2009,5,9,"Molanna angustata",7.71429
"GER_071_MZB_LO_13","GER_071_MZB_LO_13-09.05.2009","09.05.2009",2009,5,9,"Mystacides",2.85714
"GER_071_MZB_LO_13","GER_071_MZB_LO_13-09.05.2009","09.05.2009",2009,5,9,"Naididae / Tubificidae",71.42857
"GER_071_MZB_LO_13","GER_071_MZB_LO_13-09.05.2009","09.05.2009",2009,5,9,"Neureclipsis bimaculata",5.71429
"GER_071_MZB_LO_13","GER_071_MZB_LO_13-09.05.2009","09.05.2009",2009,5,9,"Oligochaeta",225.71429
"GER_071_MZB_LO_13","GER_071_MZB_LO_13-09.05.2009","09.05.2009",2009,5,9,"Pisidium",165.71429
"GER_071_MZB_LO_13","GER_071_MZB_LO_13-09.05.2009","09.05.2009",2009,5,9,"Pisidium amnicum",20
"GER_071_MZB_LO_13","GER_071_MZB_LO_13-09.05.2009","09.05.2009",2009,5,9,"Prodiamesa olivacea",5.71429
"GER_071_MZB_LO_13","GER_071_MZB_LO_13-09.05.2009","09.05.2009",2009,5,9,"Simulium",5.71429
"GER_071_MZB_LO_13","GER_071_MZB_LO_13-09.05.2009","09.05.2009",2009,5,9,"Sphaerium corneum",28.57143
"GER_071_MZB_LO_13","GER_071_MZB_LO_13-09.05.2009","09.05.2009",2009,5,9,"Tanypodinae",5.71429
"GER_071_MZB_LO_13","GER_071_MZB_LO_13-09.05.2009","09.05.2009",2009,5,9,"Tanytarsini",8.57143
"GER_071_MZB_LO_13","GER_071_MZB_LO_13-09.05.2009","09.05.2009",2009,5,9,"Valvata piscinalis",2.85714
"GER_071_MZB_LO_13","GER_071_MZB_LO_13-09.05.2009","09.05.2009",2009,5,9,"Viviparus viviparus",5.71429
"GER_071_MZB_LO_13","GER_071_MZB_LO_13-17.06.2010","17.06.2010",2010,6,17,"Acroloxus lacustris",6.4
"GER_071_MZB_LO_13","GER_071_MZB_LO_13-17.06.2010","17.06.2010",2010,6,17,"Anabolia nervosa",8
"GER_071_MZB_LO_13","GER_071_MZB_LO_13-17.06.2010","17.06.2010",2010,6,17,"Asellus aquaticus",207.2
"GER_071_MZB_LO_13","GER_071_MZB_LO_13-17.06.2010","17.06.2010",2010,6,17,"Athripsodes cinereus",14.4
"GER_071_MZB_LO_13","GER_071_MZB_LO_13-17.06.2010","17.06.2010",2010,6,17,"Baetis fuscatus",7.2
"GER_071_MZB_LO_13","GER_071_MZB_LO_13-17.06.2010","17.06.2010",2010,6,17,"Baetis vernus",4.8
"GER_071_MZB_LO_13","GER_071_MZB_LO_13-17.06.2010","17.06.2010",2010,6,17,"Bithynia tentaculata",4
"GER_071_MZB_LO_13","GER_071_MZB_LO_13-17.06.2010","17.06.2010",2010,6,17,"Caenis horaria",92
"GER_071_MZB_LO_13","GER_071_MZB_LO_13-17.06.2010","17.06.2010",2010,6,17,"Calopteryx splendens",5.6
"GER_071_MZB_LO_13","GER_071_MZB_LO_13-17.06.2010","17.06.2010",2010,6,17,"Centroptilum luteolum",2.4
"GER_071_MZB_LO_13","GER_071_MZB_LO_13-17.06.2010","17.06.2010",2010,6,17,"Ceraclea dissimilis",11.2
"GER_071_MZB_LO_13","GER_071_MZB_LO_13-17.06.2010","17.06.2010",2010,6,17,"Ceratopogonidae",13.6
"GER_071_MZB_LO_13","GER_071_MZB_LO_13-17.06.2010","17.06.2010",2010,6,17,"Chaetopteryx villosa",3.2
"GER_071_MZB_LO_13","GER_071_MZB_LO_13-17.06.2010","17.06.2010",2010,6,17,"Chironomidae",112.8
"GER_071_MZB_LO_13","GER_071_MZB_LO_13-17.06.2010","17.06.2010",2010,6,17,"Ephemera danica",0.8
"GER_071_MZB_LO_13","GER_071_MZB_LO_13-17.06.2010","17.06.2010",2010,6,17,"Erpobdella nigricollis",8
"GER_071_MZB_LO_13","GER_071_MZB_LO_13-17.06.2010","17.06.2010",2010,6,17,"Erpobdella octoculata",5.6
"GER_071_MZB_LO_13","GER_071_MZB_LO_13-17.06.2010","17.06.2010",2010,6,17,"Gammarus pulex",138.4
"GER_071_MZB_LO_13","GER_071_MZB_LO_13-17.06.2010","17.06.2010",2010,6,17,"Gerris lacustris",0.8
"GER_071_MZB_LO_13","GER_071_MZB_LO_13-17.06.2010","17.06.2010",2010,6,17,"Glossiphonia complanata",2.4
"GER_071_MZB_LO_13","GER_071_MZB_LO_13-17.06.2010","17.06.2010",2010,6,17,"Gyraulus albus",0.8
"GER_071_MZB_LO_13","GER_071_MZB_LO_13-17.06.2010","17.06.2010",2010,6,17,"Halesus digitatus",5.6
"GER_071_MZB_LO_13","GER_071_MZB_LO_13-17.06.2010","17.06.2010",2010,6,17,"Hydropsyche angustipennis",1.6
"GER_071_MZB_LO_13","GER_071_MZB_LO_13-17.06.2010","17.06.2010",2010,6,17,"Hydroptilidae",0.8
"GER_071_MZB_LO_13","GER_071_MZB_LO_13-17.06.2010","17.06.2010",2010,6,17,"Limoniidae",1.6
"GER_071_MZB_LO_13","GER_071_MZB_LO_13-17.06.2010","17.06.2010",2010,6,17,"Lype reducta",0.8
"GER_071_MZB_LO_13","GER_071_MZB_LO_13-17.06.2010","17.06.2010",2010,6,17,"Molanna angustata",3.2
"GER_071_MZB_LO_13","GER_071_MZB_LO_13-17.06.2010","17.06.2010",2010,6,17,"Mystacides",1.6
"GER_071_MZB_LO_13","GER_071_MZB_LO_13-17.06.2010","17.06.2010",2010,6,17,"Naididae / Tubificidae",48
"GER_071_MZB_LO_13","GER_071_MZB_LO_13-17.06.2010","17.06.2010",2010,6,17,"Physa fontinalis",2.4
"GER_071_MZB_LO_13","GER_071_MZB_LO_13-17.06.2010","17.06.2010",2010,6,17,"Pisidium",43.2
"GER_071_MZB_LO_13","GER_071_MZB_LO_13-17.06.2010","17.06.2010",2010,6,17,"Pisidium amnicum",19.2
"GER_071_MZB_LO_13","GER_071_MZB_LO_13-17.06.2010","17.06.2010",2010,6,17,"Sialis fuliginosa",0.8
"GER_071_MZB_LO_13","GER_071_MZB_LO_13-17.06.2010","17.06.2010",2010,6,17,"Sialis lutaria",0.8
"GER_071_MZB_LO_13","GER_071_MZB_LO_13-17.06.2010","17.06.2010",2010,6,17,"Sphaerium corneum",12.8
"GER_071_MZB_LO_13","GER_071_MZB_LO_13-17.06.2010","17.06.2010",2010,6,17,"Sphaerium rivicola",0.8
"GER_071_MZB_LO_13","GER_071_MZB_LO_13-17.06.2010","17.06.2010",2010,6,17,"Theodoxus fluviatilis",1.6
"GER_071_MZB_LO_13","GER_071_MZB_LO_13-17.06.2010","17.06.2010",2010,6,17,"Unio tumidus",0.8
"GER_071_MZB_LO_13","GER_071_MZB_LO_13-17.06.2010","17.06.2010",2010,6,17,"Viviparus viviparus",0.8
"GER_071_MZB_LO_13","GER_071_MZB_LO_13-14.06.2011","14.06.2011",2011,6,14,"Asellus aquaticus",8.8
"GER_071_MZB_LO_13","GER_071_MZB_LO_13-14.06.2011","14.06.2011",2011,6,14,"Athripsodes",1.6
"GER_071_MZB_LO_13","GER_071_MZB_LO_13-14.06.2011","14.06.2011",2011,6,14,"Baetis vernus",32
"GER_071_MZB_LO_13","GER_071_MZB_LO_13-14.06.2011","14.06.2011",2011,6,14,"Caenis horaria",5.6
"GER_071_MZB_LO_13","GER_071_MZB_LO_13-14.06.2011","14.06.2011",2011,6,14,"Calopteryx",3.2
"GER_071_MZB_LO_13","GER_071_MZB_LO_13-14.06.2011","14.06.2011",2011,6,14,"Centroptilum luteolum",37.6
"GER_071_MZB_LO_13","GER_071_MZB_LO_13-14.06.2011","14.06.2011",2011,6,14,"Ceratopogoninae / Palpomyiinae",0.8
"GER_071_MZB_LO_13","GER_071_MZB_LO_13-14.06.2011","14.06.2011",2011,6,14,"Chironomidae",30.4
"GER_071_MZB_LO_13","GER_071_MZB_LO_13-14.06.2011","14.06.2011",2011,6,14,"Coenagrionidae",0.8
"GER_071_MZB_LO_13","GER_071_MZB_LO_13-14.06.2011","14.06.2011",2011,6,14,"Dytiscidae",1.6
"GER_071_MZB_LO_13","GER_071_MZB_LO_13-14.06.2011","14.06.2011",2011,6,14,"Elmis",0.8
"GER_071_MZB_LO_13","GER_071_MZB_LO_13-14.06.2011","14.06.2011",2011,6,14,"Elodes minuta-Gr.",3.2
"GER_071_MZB_LO_13","GER_071_MZB_LO_13-14.06.2011","14.06.2011",2011,6,14,"Gammarus pulex",23.2
"GER_071_MZB_LO_13","GER_071_MZB_LO_13-14.06.2011","14.06.2011",2011,6,14,"Gerris",0.8
"GER_071_MZB_LO_13","GER_071_MZB_LO_13-14.06.2011","14.06.2011",2011,6,14,"Helophorus",3.2
"GER_071_MZB_LO_13","GER_071_MZB_LO_13-14.06.2011","14.06.2011",2011,6,14,"Limnius",1.6
"GER_071_MZB_LO_13","GER_071_MZB_LO_13-14.06.2011","14.06.2011",2011,6,14,"Lype reducta",2.4
"GER_071_MZB_LO_13","GER_071_MZB_LO_13-14.06.2011","14.06.2011",2011,6,14,"Naididae / Tubificidae",12.8
"GER_071_MZB_LO_13","GER_071_MZB_LO_13-14.06.2011","14.06.2011",2011,6,14,"Orectochilus villosus",0.8
"GER_071_MZB_LO_13","GER_071_MZB_LO_13-14.06.2011","14.06.2011",2011,6,14,"Pisidium",12
"GER_071_MZB_LO_13","GER_071_MZB_LO_13-14.06.2011","14.06.2011",2011,6,14,"Pisidium amnicum",0.8
"GER_071_MZB_LO_13","GER_071_MZB_LO_13-14.06.2011","14.06.2011",2011,6,14,"Platambus maculatus",1.6
"GER_071_MZB_LO_13","GER_071_MZB_LO_13-14.06.2011","14.06.2011",2011,6,14,"Prodiamesa olivacea",4.8
"GER_071_MZB_LO_13","GER_071_MZB_LO_13-14.06.2011","14.06.2011",2011,6,14,"Radix balthica",3.2
"GER_071_MZB_LO_13","GER_071_MZB_LO_13-14.06.2011","14.06.2011",2011,6,14,"Sialis lutaria",2.4
"GER_071_MZB_LO_13","GER_071_MZB_LO_13-14.06.2011","14.06.2011",2011,6,14,"Tanypodinae",40
"GER_071_MZB_LO_13","GER_071_MZB_LO_13-14.06.2011","14.06.2011",2011,6,14,"Tanytarsini",19.2
"GER_071_MZB_LO_13","GER_071_MZB_LO_13-19.06.2012","19.06.2012",2012,6,19,"Anodonta anatina",0.76
"GER_071_MZB_LO_13","GER_071_MZB_LO_13-19.06.2012","19.06.2012",2012,6,19,"Asellus aquaticus",4.57
"GER_071_MZB_LO_13","GER_071_MZB_LO_13-19.06.2012","19.06.2012",2012,6,19,"Athripsodes cinereus",3.81
"GER_071_MZB_LO_13","GER_071_MZB_LO_13-19.06.2012","19.06.2012",2012,6,19,"Baetis fuscatus",4.57
"GER_071_MZB_LO_13","GER_071_MZB_LO_13-19.06.2012","19.06.2012",2012,6,19,"Baetis vernus",3.81
"GER_071_MZB_LO_13","GER_071_MZB_LO_13-19.06.2012","19.06.2012",2012,6,19,"Caenis horaria",44.19
"GER_071_MZB_LO_13","GER_071_MZB_LO_13-19.06.2012","19.06.2012",2012,6,19,"Calopteryx splendens",2.29
"GER_071_MZB_LO_13","GER_071_MZB_LO_13-19.06.2012","19.06.2012",2012,6,19,"Centroptilum luteolum",21.33
"GER_071_MZB_LO_13","GER_071_MZB_LO_13-19.06.2012","19.06.2012",2012,6,19,"Ceratopogonidae",6.86
"GER_071_MZB_LO_13","GER_071_MZB_LO_13-19.06.2012","19.06.2012",2012,6,19,"Chironomidae",347.43
"GER_071_MZB_LO_13","GER_071_MZB_LO_13-19.06.2012","19.06.2012",2012,6,19,"Dugesia gonocephala",1.52
"GER_071_MZB_LO_13","GER_071_MZB_LO_13-19.06.2012","19.06.2012",2012,6,19,"Ephemera danica",0.76
"GER_071_MZB_LO_13","GER_071_MZB_LO_13-19.06.2012","19.06.2012",2012,6,19,"Gammarus pulex",0.76
"GER_071_MZB_LO_13","GER_071_MZB_LO_13-19.06.2012","19.06.2012",2012,6,19,"Hydropsyche angustipennis",1.52
"GER_071_MZB_LO_13","GER_071_MZB_LO_13-19.06.2012","19.06.2012",2012,6,19,"Limoniidae",1.52
"GER_071_MZB_LO_13","GER_071_MZB_LO_13-19.06.2012","19.06.2012",2012,6,19,"Lype reducta",0.76
"GER_071_MZB_LO_13","GER_071_MZB_LO_13-19.06.2012","19.06.2012",2012,6,19,"Naididae / Tubificidae",25.14
"GER_071_MZB_LO_13","GER_071_MZB_LO_13-19.06.2012","19.06.2012",2012,6,19,"Neureclipsis bimaculata",0.76
"GER_071_MZB_LO_13","GER_071_MZB_LO_13-19.06.2012","19.06.2012",2012,6,19,"Physa fontinalis",2.29
"GER_071_MZB_LO_13","GER_071_MZB_LO_13-19.06.2012","19.06.2012",2012,6,19,"Piscicola geometra",0.76
"GER_071_MZB_LO_13","GER_071_MZB_LO_13-19.06.2012","19.06.2012",2012,6,19,"Pisidium",11.43
"GER_071_MZB_LO_13","GER_071_MZB_LO_13-19.06.2012","19.06.2012",2012,6,19,"Pisidium amnicum",4.57
"GER_071_MZB_LO_13","GER_071_MZB_LO_13-19.06.2012","19.06.2012",2012,6,19,"Polycelis nigra",0.76
"GER_071_MZB_LO_13","GER_071_MZB_LO_13-19.06.2012","19.06.2012",2012,6,19,"Prodiamesa olivacea",62.48
"GER_071_MZB_LO_13","GER_071_MZB_LO_13-19.06.2012","19.06.2012",2012,6,19,"Radix balthica",3.05
"GER_071_MZB_LO_13","GER_071_MZB_LO_13-19.06.2012","19.06.2012",2012,6,19,"Sphaerium rivicola",0.76
"GER_071_MZB_LO_13","GER_071_MZB_LO_13-19.06.2012","19.06.2012",2012,6,19,"Tanypodinae",243.81
"GER_071_MZB_LO_13","GER_071_MZB_LO_13-19.06.2012","19.06.2012",2012,6,19,"Tipulidae",0.76
"GER_071_MZB_LO_13","GER_071_MZB_LO_13-19.06.2012","19.06.2012",2012,6,19,"Viviparus viviparus",0.76
"GER_071_MZB_LO_13","GER_071_MZB_LO_13-26.06.2013","26.06.2013",2013,6,26,"Acroloxus lacustris",0.8
"GER_071_MZB_LO_13","GER_071_MZB_LO_13-26.06.2013","26.06.2013",2013,6,26,"Asellus aquaticus",4.8
"GER_071_MZB_LO_13","GER_071_MZB_LO_13-26.06.2013","26.06.2013",2013,6,26,"Baetis",88
"GER_071_MZB_LO_13","GER_071_MZB_LO_13-26.06.2013","26.06.2013",2013,6,26,"Baetis rhodani",99.2
"GER_071_MZB_LO_13","GER_071_MZB_LO_13-26.06.2013","26.06.2013",2013,6,26,"Caenis robusta",7.2
"GER_071_MZB_LO_13","GER_071_MZB_LO_13-26.06.2013","26.06.2013",2013,6,26,"Calopteryx",3.2
"GER_071_MZB_LO_13","GER_071_MZB_LO_13-26.06.2013","26.06.2013",2013,6,26,"Centroptilum luteolum",163.2
"GER_071_MZB_LO_13","GER_071_MZB_LO_13-26.06.2013","26.06.2013",2013,6,26,"Ceraclea dissimilis",3.2
"GER_071_MZB_LO_13","GER_071_MZB_LO_13-26.06.2013","26.06.2013",2013,6,26,"Ceratopogoninae / Palpomyiinae",3.2
"GER_071_MZB_LO_13","GER_071_MZB_LO_13-26.06.2013","26.06.2013",2013,6,26,"Chironomidae",41.6
"GER_071_MZB_LO_13","GER_071_MZB_LO_13-26.06.2013","26.06.2013",2013,6,26,"Chironomini",3.2
"GER_071_MZB_LO_13","GER_071_MZB_LO_13-26.06.2013","26.06.2013",2013,6,26,"Ephemera danica",1.6
"GER_071_MZB_LO_13","GER_071_MZB_LO_13-26.06.2013","26.06.2013",2013,6,26,"Gammarus pulex",96.8
"GER_071_MZB_LO_13","GER_071_MZB_LO_13-26.06.2013","26.06.2013",2013,6,26,"Glossiphonia nebulosa",0.8
"GER_071_MZB_LO_13","GER_071_MZB_LO_13-26.06.2013","26.06.2013",2013,6,26,"Gyraulus albus",3.2
"GER_071_MZB_LO_13","GER_071_MZB_LO_13-26.06.2013","26.06.2013",2013,6,26,"Halesus radiatus",0.8
"GER_071_MZB_LO_13","GER_071_MZB_LO_13-26.06.2013","26.06.2013",2013,6,26,"Hydropsyche pellucidula",42.4
"GER_071_MZB_LO_13","GER_071_MZB_LO_13-26.06.2013","26.06.2013",2013,6,26,"Hydroptilidae",1.6
"GER_071_MZB_LO_13","GER_071_MZB_LO_13-26.06.2013","26.06.2013",2013,6,26,"Lype reducta",1.6
"GER_071_MZB_LO_13","GER_071_MZB_LO_13-26.06.2013","26.06.2013",2013,6,26,"Naididae / Tubificidae",14.4
"GER_071_MZB_LO_13","GER_071_MZB_LO_13-26.06.2013","26.06.2013",2013,6,26,"Neureclipsis bimaculata",21.6
"GER_071_MZB_LO_13","GER_071_MZB_LO_13-26.06.2013","26.06.2013",2013,6,26,"Oulimnius",4
"GER_071_MZB_LO_13","GER_071_MZB_LO_13-26.06.2013","26.06.2013",2013,6,26,"Pisidium",16
"GER_071_MZB_LO_13","GER_071_MZB_LO_13-26.06.2013","26.06.2013",2013,6,26,"Polycentropus flavomaculatus",3.2
"GER_071_MZB_LO_13","GER_071_MZB_LO_13-26.06.2013","26.06.2013",2013,6,26,"Prodiamesa olivacea",6.4
"GER_071_MZB_LO_13","GER_071_MZB_LO_13-26.06.2013","26.06.2013",2013,6,26,"Radix balthica",0.8
"GER_071_MZB_LO_13","GER_071_MZB_LO_13-26.06.2013","26.06.2013",2013,6,26,"Serratella ignita",1.6
"GER_071_MZB_LO_13","GER_071_MZB_LO_13-26.06.2013","26.06.2013",2013,6,26,"Sialis lutaria",6.4
"GER_071_MZB_LO_13","GER_071_MZB_LO_13-26.06.2013","26.06.2013",2013,6,26,"Simulium",383.2
"GER_071_MZB_LO_13","GER_071_MZB_LO_13-26.06.2013","26.06.2013",2013,6,26,"Tanypodinae",22.4
"GER_071_MZB_LO_13","GER_071_MZB_LO_13-26.06.2013","26.06.2013",2013,6,26,"Tanytarsini",31.2
"GER_071_MZB_LO_13","GER_071_MZB_LO_13-29.06.2015","29.06.2015",2015,6,29,"Asellus aquaticus",25.14286
"GER_071_MZB_LO_13","GER_071_MZB_LO_13-29.06.2015","29.06.2015",2015,6,29,"Athripsodes cinereus",1.52381
"GER_071_MZB_LO_13","GER_071_MZB_LO_13-29.06.2015","29.06.2015",2015,6,29,"Baetidae",3.04762
"GER_071_MZB_LO_13","GER_071_MZB_LO_13-29.06.2015","29.06.2015",2015,6,29,"Baetis",14.47619
"GER_071_MZB_LO_13","GER_071_MZB_LO_13-29.06.2015","29.06.2015",2015,6,29,"Baetis fuscatus",25.14286
"GER_071_MZB_LO_13","GER_071_MZB_LO_13-29.06.2015","29.06.2015",2015,6,29,"Baetis rhodani",3.04762
"GER_071_MZB_LO_13","GER_071_MZB_LO_13-29.06.2015","29.06.2015",2015,6,29,"Baetis vernus",1.52381
"GER_071_MZB_LO_13","GER_071_MZB_LO_13-29.06.2015","29.06.2015",2015,6,29,"Bithynia tentaculata",2.28571
"GER_071_MZB_LO_13","GER_071_MZB_LO_13-29.06.2015","29.06.2015",2015,6,29,"Caenis horaria",11.42857
"GER_071_MZB_LO_13","GER_071_MZB_LO_13-29.06.2015","29.06.2015",2015,6,29,"Centroptilum luteolum",3.80952
"GER_071_MZB_LO_13","GER_071_MZB_LO_13-29.06.2015","29.06.2015",2015,6,29,"Ceraclea dissimilis",6.85714
"GER_071_MZB_LO_13","GER_071_MZB_LO_13-29.06.2015","29.06.2015",2015,6,29,"Chironomidae",80.7619
"GER_071_MZB_LO_13","GER_071_MZB_LO_13-29.06.2015","29.06.2015",2015,6,29,"Chironomini",150.09524
"GER_071_MZB_LO_13","GER_071_MZB_LO_13-29.06.2015","29.06.2015",2015,6,29,"Ephemerella ignita",0.7619
"GER_071_MZB_LO_13","GER_071_MZB_LO_13-29.06.2015","29.06.2015",2015,6,29,"Gammarus",10.66667
"GER_071_MZB_LO_13","GER_071_MZB_LO_13-29.06.2015","29.06.2015",2015,6,29,"Gammarus pulex",3.04762
"GER_071_MZB_LO_13","GER_071_MZB_LO_13-29.06.2015","29.06.2015",2015,6,29,"Gyraulus albus",10.66667
"GER_071_MZB_LO_13","GER_071_MZB_LO_13-29.06.2015","29.06.2015",2015,6,29,"Hydroporus",0.7619
"GER_071_MZB_LO_13","GER_071_MZB_LO_13-29.06.2015","29.06.2015",2015,6,29,"Lestes viridis",1.52381
"GER_071_MZB_LO_13","GER_071_MZB_LO_13-29.06.2015","29.06.2015",2015,6,29,"Lype",0.7619
"GER_071_MZB_LO_13","GER_071_MZB_LO_13-29.06.2015","29.06.2015",2015,6,29,"Naididae / Tubificidae",1.52381
"GER_071_MZB_LO_13","GER_071_MZB_LO_13-29.06.2015","29.06.2015",2015,6,29,"Oligochaeta",4.57143
"GER_071_MZB_LO_13","GER_071_MZB_LO_13-29.06.2015","29.06.2015",2015,6,29,"Pisidium",12.19048
"GER_071_MZB_LO_13","GER_071_MZB_LO_13-29.06.2015","29.06.2015",2015,6,29,"Pisidium amnicum",12.95238
"GER_071_MZB_LO_13","GER_071_MZB_LO_13-29.06.2015","29.06.2015",2015,6,29,"Pisidium supinum",48
"GER_071_MZB_LO_13","GER_071_MZB_LO_13-29.06.2015","29.06.2015",2015,6,29,"Polycentropus flavomaculatus",3.04762
"GER_071_MZB_LO_13","GER_071_MZB_LO_13-29.06.2015","29.06.2015",2015,6,29,"Potamopyrgus antipodarum",45.71429
"GER_071_MZB_LO_13","GER_071_MZB_LO_13-29.06.2015","29.06.2015",2015,6,29,"Proasellus coxalis",1.52381
"GER_071_MZB_LO_13","GER_071_MZB_LO_13-29.06.2015","29.06.2015",2015,6,29,"Procloeon bifidum",1.52381
"GER_071_MZB_LO_13","GER_071_MZB_LO_13-29.06.2015","29.06.2015",2015,6,29,"Prodiamesa olivacea",3.04762
"GER_071_MZB_LO_13","GER_071_MZB_LO_13-29.06.2015","29.06.2015",2015,6,29,"Radix balthica",26.66667
"GER_071_MZB_LO_13","GER_071_MZB_LO_13-29.06.2015","29.06.2015",2015,6,29,"Simulium",28.95238
"GER_071_MZB_LO_13","GER_071_MZB_LO_13-29.06.2015","29.06.2015",2015,6,29,"Sphaerium corneum",1.52381
"GER_071_MZB_LO_13","GER_071_MZB_LO_13-29.06.2015","29.06.2015",2015,6,29,"Sphaerium rivicola",2.28571
"GER_071_MZB_LO_13","GER_071_MZB_LO_13-29.06.2015","29.06.2015",2015,6,29,"Stagnicola",1.52381
"GER_071_MZB_LO_13","GER_071_MZB_LO_13-29.06.2015","29.06.2015",2015,6,29,"Tanypodinae",3.04762
"GER_071_MZB_LO_13","GER_071_MZB_LO_13-29.06.2015","29.06.2015",2015,6,29,"Tanytarsini",7.61905
"GER_071_MZB_LO_13","GER_071_MZB_LO_13-07.06.2016","07.06.2016",2016,6,7,"Ancylus fluviatilis",4.8
"GER_071_MZB_LO_13","GER_071_MZB_LO_13-07.06.2016","07.06.2016",2016,6,7,"Asellus aquaticus",57.6
"GER_071_MZB_LO_13","GER_071_MZB_LO_13-07.06.2016","07.06.2016",2016,6,7,"Baetis",240
"GER_071_MZB_LO_13","GER_071_MZB_LO_13-07.06.2016","07.06.2016",2016,6,7,"Baetis vernus",1.6
"GER_071_MZB_LO_13","GER_071_MZB_LO_13-07.06.2016","07.06.2016",2016,6,7,"Caenis horaria",125.6
"GER_071_MZB_LO_13","GER_071_MZB_LO_13-07.06.2016","07.06.2016",2016,6,7,"Calopteryx splendens",2.4
"GER_071_MZB_LO_13","GER_071_MZB_LO_13-07.06.2016","07.06.2016",2016,6,7,"Centroptilum luteolum",148.8
"GER_071_MZB_LO_13","GER_071_MZB_LO_13-07.06.2016","07.06.2016",2016,6,7,"Ceraclea dissimilis",5.6
"GER_071_MZB_LO_13","GER_071_MZB_LO_13-07.06.2016","07.06.2016",2016,6,7,"Ceratopogoninae / Palpomyiinae",4.8
"GER_071_MZB_LO_13","GER_071_MZB_LO_13-07.06.2016","07.06.2016",2016,6,7,"Chironomidae",326.4
"GER_071_MZB_LO_13","GER_071_MZB_LO_13-07.06.2016","07.06.2016",2016,6,7,"Chironomini",273.6
"GER_071_MZB_LO_13","GER_071_MZB_LO_13-07.06.2016","07.06.2016",2016,6,7,"Cyrnus trimaculatus",9.6
"GER_071_MZB_LO_13","GER_071_MZB_LO_13-07.06.2016","07.06.2016",2016,6,7,"Elmis aenea",4.8
"GER_071_MZB_LO_13","GER_071_MZB_LO_13-07.06.2016","07.06.2016",2016,6,7,"Ephemera danica",58.4
"GER_071_MZB_LO_13","GER_071_MZB_LO_13-07.06.2016","07.06.2016",2016,6,7,"Gammarus pulex",556.8
"GER_071_MZB_LO_13","GER_071_MZB_LO_13-07.06.2016","07.06.2016",2016,6,7,"Halesus",0.8
"GER_071_MZB_LO_13","GER_071_MZB_LO_13-07.06.2016","07.06.2016",2016,6,7,"Naididae / Tubificidae",153.6
"GER_071_MZB_LO_13","GER_071_MZB_LO_13-07.06.2016","07.06.2016",2016,6,7,"Oulimnius",19.2
"GER_071_MZB_LO_13","GER_071_MZB_LO_13-07.06.2016","07.06.2016",2016,6,7,"Physa fontinalis",0.8
"GER_071_MZB_LO_13","GER_071_MZB_LO_13-07.06.2016","07.06.2016",2016,6,7,"Piscicola geometra",0.8
"GER_071_MZB_LO_13","GER_071_MZB_LO_13-07.06.2016","07.06.2016",2016,6,7,"Pisidium",192
"GER_071_MZB_LO_13","GER_071_MZB_LO_13-07.06.2016","07.06.2016",2016,6,7,"Pisidium amnicum",4.8
"GER_071_MZB_LO_13","GER_071_MZB_LO_13-07.06.2016","07.06.2016",2016,6,7,"Potamopyrgus antipodarum",68
"GER_071_MZB_LO_13","GER_071_MZB_LO_13-07.06.2016","07.06.2016",2016,6,7,"Prodiamesa olivacea",28.8
"GER_071_MZB_LO_13","GER_071_MZB_LO_13-07.06.2016","07.06.2016",2016,6,7,"Radix balthica",9.6
"GER_071_MZB_LO_13","GER_071_MZB_LO_13-07.06.2016","07.06.2016",2016,6,7,"Serratella ignita",33.6
"GER_071_MZB_LO_13","GER_071_MZB_LO_13-07.06.2016","07.06.2016",2016,6,7,"Sialis lutaria",53.6
"GER_071_MZB_LO_13","GER_071_MZB_LO_13-07.06.2016","07.06.2016",2016,6,7,"Simulium",4.8
"GER_071_MZB_LO_13","GER_071_MZB_LO_13-07.06.2016","07.06.2016",2016,6,7,"Tanypodinae",196.8
"GER_071_MZB_LO_13","GER_071_MZB_LO_13-07.06.2016","07.06.2016",2016,6,7,"Tanytarsini",528
"GER_071_MZB_LO_13","GER_071_MZB_LO_13-26.06.2017","26.06.2017",2017,6,26,"Asellus aquaticus",82.28571
"GER_071_MZB_LO_13","GER_071_MZB_LO_13-26.06.2017","26.06.2017",2017,6,26,"Baetis",36.57143
"GER_071_MZB_LO_13","GER_071_MZB_LO_13-26.06.2017","26.06.2017",2017,6,26,"Baetis fuscatus",140.19048
"GER_071_MZB_LO_13","GER_071_MZB_LO_13-26.06.2017","26.06.2017",2017,6,26,"Baetis vernus",0.7619
"GER_071_MZB_LO_13","GER_071_MZB_LO_13-26.06.2017","26.06.2017",2017,6,26,"Bithynia tentaculata",9.14286
"GER_071_MZB_LO_13","GER_071_MZB_LO_13-26.06.2017","26.06.2017",2017,6,26,"Caenis horaria",60.19048
"GER_071_MZB_LO_13","GER_071_MZB_LO_13-26.06.2017","26.06.2017",2017,6,26,"Calopteryx splendens",14.47619
"GER_071_MZB_LO_13","GER_071_MZB_LO_13-26.06.2017","26.06.2017",2017,6,26,"Centroptilum luteolum",14.47619
"GER_071_MZB_LO_13","GER_071_MZB_LO_13-26.06.2017","26.06.2017",2017,6,26,"Ceratopogoninae / Palpomyiinae",9.14286
"GER_071_MZB_LO_13","GER_071_MZB_LO_13-26.06.2017","26.06.2017",2017,6,26,"Chironomidae",32
"GER_071_MZB_LO_13","GER_071_MZB_LO_13-26.06.2017","26.06.2017",2017,6,26,"Chironomini",320
"GER_071_MZB_LO_13","GER_071_MZB_LO_13-26.06.2017","26.06.2017",2017,6,26,"Cyrnus trimaculatus",1.52381
"GER_071_MZB_LO_13","GER_071_MZB_LO_13-26.06.2017","26.06.2017",2017,6,26,"Ephemera danica",38.09524
"GER_071_MZB_LO_13","GER_071_MZB_LO_13-26.06.2017","26.06.2017",2017,6,26,"Ephemerella ignita",19.04762
"GER_071_MZB_LO_13","GER_071_MZB_LO_13-26.06.2017","26.06.2017",2017,6,26,"Gammarus",128
"GER_071_MZB_LO_13","GER_071_MZB_LO_13-26.06.2017","26.06.2017",2017,6,26,"Gammarus pulex",37.33333
"GER_071_MZB_LO_13","GER_071_MZB_LO_13-26.06.2017","26.06.2017",2017,6,26,"Gyraulus albus",9.14286
"GER_071_MZB_LO_13","GER_071_MZB_LO_13-26.06.2017","26.06.2017",2017,6,26,"Haliplus",4.57143
"GER_071_MZB_LO_13","GER_071_MZB_LO_13-26.06.2017","26.06.2017",2017,6,26,"Heteroptera",4.57143
"GER_071_MZB_LO_13","GER_071_MZB_LO_13-26.06.2017","26.06.2017",2017,6,26,"Hydroptila",27.42857
"GER_071_MZB_LO_13","GER_071_MZB_LO_13-26.06.2017","26.06.2017",2017,6,26,"Lestes viridis",22.85714
"GER_071_MZB_LO_13","GER_071_MZB_LO_13-26.06.2017","26.06.2017",2017,6,26,"Limnephilini",9.90476
"GER_071_MZB_LO_13","GER_071_MZB_LO_13-26.06.2017","26.06.2017",2017,6,26,"Lype",12.19048
"GER_071_MZB_LO_13","GER_071_MZB_LO_13-26.06.2017","26.06.2017",2017,6,26,"Naididae / Tubificidae",28.19048
"GER_071_MZB_LO_13","GER_071_MZB_LO_13-26.06.2017","26.06.2017",2017,6,26,"Nepa cinerea",0.7619
"GER_071_MZB_LO_13","GER_071_MZB_LO_13-26.06.2017","26.06.2017",2017,6,26,"Oligochaeta",54.85714
"GER_071_MZB_LO_13","GER_071_MZB_LO_13-26.06.2017","26.06.2017",2017,6,26,"Oulimnius",4.57143
"GER_071_MZB_LO_13","GER_071_MZB_LO_13-26.06.2017","26.06.2017",2017,6,26,"Pisidium",27.42857
"GER_071_MZB_LO_13","GER_071_MZB_LO_13-26.06.2017","26.06.2017",2017,6,26,"Pisidium amnicum",9.14286
"GER_071_MZB_LO_13","GER_071_MZB_LO_13-26.06.2017","26.06.2017",2017,6,26,"Planorbarius corneus",4.57143
"GER_071_MZB_LO_13","GER_071_MZB_LO_13-26.06.2017","26.06.2017",2017,6,26,"Platambus maculatus",14.47619
"GER_071_MZB_LO_13","GER_071_MZB_LO_13-26.06.2017","26.06.2017",2017,6,26,"Polycentropus flavomaculatus",27.42857
"GER_071_MZB_LO_13","GER_071_MZB_LO_13-26.06.2017","26.06.2017",2017,6,26,"Potamopyrgus antipodarum",642.28571
"GER_071_MZB_LO_13","GER_071_MZB_LO_13-26.06.2017","26.06.2017",2017,6,26,"Proasellus coxalis",4.57143
"GER_071_MZB_LO_13","GER_071_MZB_LO_13-26.06.2017","26.06.2017",2017,6,26,"Prodiamesa olivacea",219.42857
"GER_071_MZB_LO_13","GER_071_MZB_LO_13-26.06.2017","26.06.2017",2017,6,26,"Psychodidae",4.57143
"GER_071_MZB_LO_13","GER_071_MZB_LO_13-26.06.2017","26.06.2017",2017,6,26,"Radix balthica",100.57143
"GER_071_MZB_LO_13","GER_071_MZB_LO_13-26.06.2017","26.06.2017",2017,6,26,"Sialis",9.14286
"GER_071_MZB_LO_13","GER_071_MZB_LO_13-26.06.2017","26.06.2017",2017,6,26,"Sialis lutaria",6.09524
"GER_071_MZB_LO_13","GER_071_MZB_LO_13-26.06.2017","26.06.2017",2017,6,26,"Simulium",13.71429
"GER_071_MZB_LO_13","GER_071_MZB_LO_13-26.06.2017","26.06.2017",2017,6,26,"Sphaerium corneum",6.09524
"GER_071_MZB_LO_13","GER_071_MZB_LO_13-26.06.2017","26.06.2017",2017,6,26,"Sphaerium rivicola",27.42857
"GER_071_MZB_LO_13","GER_071_MZB_LO_13-26.06.2017","26.06.2017",2017,6,26,"Tanypodinae",233.90476
"GER_071_MZB_LO_13","GER_071_MZB_LO_13-26.06.2017","26.06.2017",2017,6,26,"Tanytarsini",297.90476
"GER_071_MZB_LO_13","GER_071_MZB_LO_13-26.06.2017","26.06.2017",2017,6,26,"Theodoxus fluviatilis",4.57143
"GER_071_MZB_LO_13","GER_071_MZB_LO_13-01.06.2018","01.06.2018",2018,6,1,"Anabolia nervosa",0.7619
"GER_071_MZB_LO_13","GER_071_MZB_LO_13-01.06.2018","01.06.2018",2018,6,1,"Asellus aquaticus",54.85714
"GER_071_MZB_LO_13","GER_071_MZB_LO_13-01.06.2018","01.06.2018",2018,6,1,"Athripsodes cinereus",4.57143
"GER_071_MZB_LO_13","GER_071_MZB_LO_13-01.06.2018","01.06.2018",2018,6,1,"Baetidae",68.57143
"GER_071_MZB_LO_13","GER_071_MZB_LO_13-01.06.2018","01.06.2018",2018,6,1,"Baetis",19.04762
"GER_071_MZB_LO_13","GER_071_MZB_LO_13-01.06.2018","01.06.2018",2018,6,1,"Baetis fuscatus",189.71429
"GER_071_MZB_LO_13","GER_071_MZB_LO_13-01.06.2018","01.06.2018",2018,6,1,"Baetis vernus",80
"GER_071_MZB_LO_13","GER_071_MZB_LO_13-01.06.2018","01.06.2018",2018,6,1,"Caenis horaria",355.04762
"GER_071_MZB_LO_13","GER_071_MZB_LO_13-01.06.2018","01.06.2018",2018,6,1,"Calopteryx",9.14286
"GER_071_MZB_LO_13","GER_071_MZB_LO_13-01.06.2018","01.06.2018",2018,6,1,"Calopteryx splendens",3.04762
"GER_071_MZB_LO_13","GER_071_MZB_LO_13-01.06.2018","01.06.2018",2018,6,1,"Centroptilum luteolum",97.52381
"GER_071_MZB_LO_13","GER_071_MZB_LO_13-01.06.2018","01.06.2018",2018,6,1,"Ceraclea dissimilis",50.28571
"GER_071_MZB_LO_13","GER_071_MZB_LO_13-01.06.2018","01.06.2018",2018,6,1,"Ceratopogoninae / Palpomyiinae",13.71429
"GER_071_MZB_LO_13","GER_071_MZB_LO_13-01.06.2018","01.06.2018",2018,6,1,"Chironomidae",82.28571
"GER_071_MZB_LO_13","GER_071_MZB_LO_13-01.06.2018","01.06.2018",2018,6,1,"Chironomini",312.38095
"GER_071_MZB_LO_13","GER_071_MZB_LO_13-01.06.2018","01.06.2018",2018,6,1,"Cyrnus trimaculatus",11.42857
"GER_071_MZB_LO_13","GER_071_MZB_LO_13-01.06.2018","01.06.2018",2018,6,1,"Elmis",9.14286
"GER_071_MZB_LO_13","GER_071_MZB_LO_13-01.06.2018","01.06.2018",2018,6,1,"Ephemera danica",20.57143
"GER_071_MZB_LO_13","GER_071_MZB_LO_13-01.06.2018","01.06.2018",2018,6,1,"Ephemerella ignita",4.57143
"GER_071_MZB_LO_13","GER_071_MZB_LO_13-01.06.2018","01.06.2018",2018,6,1,"Gammarus",91.42857
"GER_071_MZB_LO_13","GER_071_MZB_LO_13-01.06.2018","01.06.2018",2018,6,1,"Gammarus pulex",9.14286
"GER_071_MZB_LO_13","GER_071_MZB_LO_13-01.06.2018","01.06.2018",2018,6,1,"Hydropsyche siltalai",4.57143
"GER_071_MZB_LO_13","GER_071_MZB_LO_13-01.06.2018","01.06.2018",2018,6,1,"Ithytrichia lamellaris",41.14286
"GER_071_MZB_LO_13","GER_071_MZB_LO_13-01.06.2018","01.06.2018",2018,6,1,"Lestes viridis",9.14286
"GER_071_MZB_LO_13","GER_071_MZB_LO_13-01.06.2018","01.06.2018",2018,6,1,"Limnephilini",4.57143
"GER_071_MZB_LO_13","GER_071_MZB_LO_13-01.06.2018","01.06.2018",2018,6,1,"Lype",53.33333
"GER_071_MZB_LO_13","GER_071_MZB_LO_13-01.06.2018","01.06.2018",2018,6,1,"Naididae / Tubificidae",18.28571
"GER_071_MZB_LO_13","GER_071_MZB_LO_13-01.06.2018","01.06.2018",2018,6,1,"Neureclipsis bimaculata",4.57143
"GER_071_MZB_LO_13","GER_071_MZB_LO_13-01.06.2018","01.06.2018",2018,6,1,"Noterus crassicornis",0.7619
"GER_071_MZB_LO_13","GER_071_MZB_LO_13-01.06.2018","01.06.2018",2018,6,1,"Oligochaeta",9.14286
"GER_071_MZB_LO_13","GER_071_MZB_LO_13-01.06.2018","01.06.2018",2018,6,1,"Oulimnius",9.14286
"GER_071_MZB_LO_13","GER_071_MZB_LO_13-01.06.2018","01.06.2018",2018,6,1,"Pisidium",86.85714
"GER_071_MZB_LO_13","GER_071_MZB_LO_13-01.06.2018","01.06.2018",2018,6,1,"Pisidium amnicum",13.71429
"GER_071_MZB_LO_13","GER_071_MZB_LO_13-01.06.2018","01.06.2018",2018,6,1,"Polycentropus flavomaculatus",0.7619
"GER_071_MZB_LO_13","GER_071_MZB_LO_13-01.06.2018","01.06.2018",2018,6,1,"Potamopyrgus antipodarum",28.19048
"GER_071_MZB_LO_13","GER_071_MZB_LO_13-01.06.2018","01.06.2018",2018,6,1,"Procloeon bifidum",40.38095
"GER_071_MZB_LO_13","GER_071_MZB_LO_13-01.06.2018","01.06.2018",2018,6,1,"Prodiamesa olivacea",82.28571
"GER_071_MZB_LO_13","GER_071_MZB_LO_13-01.06.2018","01.06.2018",2018,6,1,"Radix balthica",9.14286
"GER_071_MZB_LO_13","GER_071_MZB_LO_13-01.06.2018","01.06.2018",2018,6,1,"Sialis",4.57143
"GER_071_MZB_LO_13","GER_071_MZB_LO_13-01.06.2018","01.06.2018",2018,6,1,"Simulium",86.85714
"GER_071_MZB_LO_13","GER_071_MZB_LO_13-01.06.2018","01.06.2018",2018,6,1,"Simulium (Boophthora) erythrocephalum",22.85714
"GER_071_MZB_LO_13","GER_071_MZB_LO_13-01.06.2018","01.06.2018",2018,6,1,"Simulium ornatum-Gr.",4.57143
"GER_071_MZB_LO_13","GER_071_MZB_LO_13-01.06.2018","01.06.2018",2018,6,1,"Sphaerium corneum",9.90476
"GER_071_MZB_LO_13","GER_071_MZB_LO_13-01.06.2018","01.06.2018",2018,6,1,"Tanypodinae",51.04762
"GER_071_MZB_LO_13","GER_071_MZB_LO_13-01.06.2018","01.06.2018",2018,6,1,"Tanytarsini",1107.04762
"GER_071_MZB_LO_13","GER_071_MZB_LO_13-29.06.2020","29.06.2020",2020,6,29,"Ancylus fluviatilis",1.6
"GER_071_MZB_LO_13","GER_071_MZB_LO_13-29.06.2020","29.06.2020",2020,6,29,"Asellus aquaticus",13.6
"GER_071_MZB_LO_13","GER_071_MZB_LO_13-29.06.2020","29.06.2020",2020,6,29,"Athripsodes",1.6
"GER_071_MZB_LO_13","GER_071_MZB_LO_13-29.06.2020","29.06.2020",2020,6,29,"Athripsodes cinereus",3.2
"GER_071_MZB_LO_13","GER_071_MZB_LO_13-29.06.2020","29.06.2020",2020,6,29,"Baetis",80
"GER_071_MZB_LO_13","GER_071_MZB_LO_13-29.06.2020","29.06.2020",2020,6,29,"Baetis vernus",1.6
"GER_071_MZB_LO_13","GER_071_MZB_LO_13-29.06.2020","29.06.2020",2020,6,29,"Bithynia tentaculata",1.6
"GER_071_MZB_LO_13","GER_071_MZB_LO_13-29.06.2020","29.06.2020",2020,6,29,"Caenis horaria",48
"GER_071_MZB_LO_13","GER_071_MZB_LO_13-29.06.2020","29.06.2020",2020,6,29,"Caenis macrura-Gr.",1.6
"GER_071_MZB_LO_13","GER_071_MZB_LO_13-29.06.2020","29.06.2020",2020,6,29,"Calopteryx",1.6
"GER_071_MZB_LO_13","GER_071_MZB_LO_13-29.06.2020","29.06.2020",2020,6,29,"Calopteryx splendens",4
"GER_071_MZB_LO_13","GER_071_MZB_LO_13-29.06.2020","29.06.2020",2020,6,29,"Centroptilum luteolum",14.4
"GER_071_MZB_LO_13","GER_071_MZB_LO_13-29.06.2020","29.06.2020",2020,6,29,"Ceraclea dissimilis",1.6
"GER_071_MZB_LO_13","GER_071_MZB_LO_13-29.06.2020","29.06.2020",2020,6,29,"Chironomidae",180
"GER_071_MZB_LO_13","GER_071_MZB_LO_13-29.06.2020","29.06.2020",2020,6,29,"Chironomini",3.2
"GER_071_MZB_LO_13","GER_071_MZB_LO_13-29.06.2020","29.06.2020",2020,6,29,"Dicranota",3.2
"GER_071_MZB_LO_13","GER_071_MZB_LO_13-29.06.2020","29.06.2020",2020,6,29,"Ephemera danica",7.2
"GER_071_MZB_LO_13","GER_071_MZB_LO_13-29.06.2020","29.06.2020",2020,6,29,"Gammarus",62.4
"GER_071_MZB_LO_13","GER_071_MZB_LO_13-29.06.2020","29.06.2020",2020,6,29,"Gammarus pulex",9.6
"GER_071_MZB_LO_13","GER_071_MZB_LO_13-29.06.2020","29.06.2020",2020,6,29,"Holocentropus",1.6
"GER_071_MZB_LO_13","GER_071_MZB_LO_13-29.06.2020","29.06.2020",2020,6,29,"Hydropsyche",1.6
"GER_071_MZB_LO_13","GER_071_MZB_LO_13-29.06.2020","29.06.2020",2020,6,29,"Lype reducta",3.2
"GER_071_MZB_LO_13","GER_071_MZB_LO_13-29.06.2020","29.06.2020",2020,6,29,"Naididae / Tubificidae",3.2
"GER_071_MZB_LO_13","GER_071_MZB_LO_13-29.06.2020","29.06.2020",2020,6,29,"Neureclipsis bimaculata",1.6
"GER_071_MZB_LO_13","GER_071_MZB_LO_13-29.06.2020","29.06.2020",2020,6,29,"Oulimnius",1.6
"GER_071_MZB_LO_13","GER_071_MZB_LO_13-29.06.2020","29.06.2020",2020,6,29,"Pisidium",17.6
"GER_071_MZB_LO_13","GER_071_MZB_LO_13-29.06.2020","29.06.2020",2020,6,29,"Prodiamesa olivacea",68.8
"GER_071_MZB_LO_13","GER_071_MZB_LO_13-29.06.2020","29.06.2020",2020,6,29,"Radix balthica",3.2
"GER_071_MZB_LO_13","GER_071_MZB_LO_13-29.06.2020","29.06.2020",2020,6,29,"Serratella ignita",10.4
"GER_071_MZB_LO_13","GER_071_MZB_LO_13-29.06.2020","29.06.2020",2020,6,29,"Sialis lutaria",24.8
"GER_071_MZB_LO_13","GER_071_MZB_LO_13-29.06.2020","29.06.2020",2020,6,29,"Simulium",24
"GER_071_MZB_LO_13","GER_071_MZB_LO_13-29.06.2020","29.06.2020",2020,6,29,"Simulium (Wilhelmia)",1.6
"GER_071_MZB_LO_13","GER_071_MZB_LO_13-29.06.2020","29.06.2020",2020,6,29,"Sphaerium",1.6
"GER_071_MZB_LO_13","GER_071_MZB_LO_13-29.06.2020","29.06.2020",2020,6,29,"Tanypodinae",14.4
"GER_071_MZB_LO_13","GER_071_MZB_LO_13-29.06.2020","29.06.2020",2020,6,29,"Tanytarsini",4.8
"GER_071_MZB_LO_13","GER_071_MZB_LO_13-19.06.2021","19.06.2021",2021,6,19,"Anisus vortex",1.6
"GER_071_MZB_LO_13","GER_071_MZB_LO_13-19.06.2021","19.06.2021",2021,6,19,"Asellus aquaticus",14.4
"GER_071_MZB_LO_13","GER_071_MZB_LO_13-19.06.2021","19.06.2021",2021,6,19,"Baetis vernus",473.6
"GER_071_MZB_LO_13","GER_071_MZB_LO_13-19.06.2021","19.06.2021",2021,6,19,"Bithynia leachii",3.2
"GER_071_MZB_LO_13","GER_071_MZB_LO_13-19.06.2021","19.06.2021",2021,6,19,"Bithynia tentaculata",8
"GER_071_MZB_LO_13","GER_071_MZB_LO_13-19.06.2021","19.06.2021",2021,6,19,"Calopteryx splendens",12.8
"GER_071_MZB_LO_13","GER_071_MZB_LO_13-19.06.2021","19.06.2021",2021,6,19,"Centroptilum luteolum",54.4
"GER_071_MZB_LO_13","GER_071_MZB_LO_13-19.06.2021","19.06.2021",2021,6,19,"Chironomidae",35.2
"GER_071_MZB_LO_13","GER_071_MZB_LO_13-19.06.2021","19.06.2021",2021,6,19,"Chironomini",86.4
"GER_071_MZB_LO_13","GER_071_MZB_LO_13-19.06.2021","19.06.2021",2021,6,19,"Dicranota",3.2
"GER_071_MZB_LO_13","GER_071_MZB_LO_13-19.06.2021","19.06.2021",2021,6,19,"Erpobdella octoculata",6.4
"GER_071_MZB_LO_13","GER_071_MZB_LO_13-19.06.2021","19.06.2021",2021,6,19,"Gammarus pulex",83.2
"GER_071_MZB_LO_13","GER_071_MZB_LO_13-19.06.2021","19.06.2021",2021,6,19,"Glossiphonia complanata",3.2
"GER_071_MZB_LO_13","GER_071_MZB_LO_13-19.06.2021","19.06.2021",2021,6,19,"Hydropsyche pellucidula",24
"GER_071_MZB_LO_13","GER_071_MZB_LO_13-19.06.2021","19.06.2021",2021,6,19,"Naididae / Tubificidae",11.2
"GER_071_MZB_LO_13","GER_071_MZB_LO_13-19.06.2021","19.06.2021",2021,6,19,"Neureclipsis bimaculata",22.4
"GER_071_MZB_LO_13","GER_071_MZB_LO_13-19.06.2021","19.06.2021",2021,6,19,"Pisidium",6.4
"GER_071_MZB_LO_13","GER_071_MZB_LO_13-19.06.2021","19.06.2021",2021,6,19,"Prodiamesa olivacea",22.4
"GER_071_MZB_LO_13","GER_071_MZB_LO_13-19.06.2021","19.06.2021",2021,6,19,"Radix balthica",3.2
"GER_071_MZB_LO_13","GER_071_MZB_LO_13-19.06.2021","19.06.2021",2021,6,19,"Simuliidae",51.2
"GER_071_MZB_LO_13","GER_071_MZB_LO_13-19.06.2021","19.06.2021",2021,6,19,"Sphaerium corneum",19.2
"GER_071_MZB_LO_13","GER_071_MZB_LO_13-19.06.2021","19.06.2021",2021,6,19,"Viviparus contectus",1.6
"GER_071_MZB_LO_15","GER_071_MZB_LO_15-10.04.2009","10.04.2009",2009,4,10,"Asellus aquaticus",19.2
"GER_071_MZB_LO_15","GER_071_MZB_LO_15-10.04.2009","10.04.2009",2009,4,10,"Brachyptera risi",30.6
"GER_071_MZB_LO_15","GER_071_MZB_LO_15-10.04.2009","10.04.2009",2009,4,10,"Ceratopogoninae / Palpomyiinae",2.4
"GER_071_MZB_LO_15","GER_071_MZB_LO_15-10.04.2009","10.04.2009",2009,4,10,"Chaetopteryx villosa",2.4
"GER_071_MZB_LO_15","GER_071_MZB_LO_15-10.04.2009","10.04.2009",2009,4,10,"Chironomidae",81.6
"GER_071_MZB_LO_15","GER_071_MZB_LO_15-10.04.2009","10.04.2009",2009,4,10,"Chironomini",45.6
"GER_071_MZB_LO_15","GER_071_MZB_LO_15-10.04.2009","10.04.2009",2009,4,10,"Erpobdella",2.4
"GER_071_MZB_LO_15","GER_071_MZB_LO_15-10.04.2009","10.04.2009",2009,4,10,"Erpobdella octoculata",2.4
"GER_071_MZB_LO_15","GER_071_MZB_LO_15-10.04.2009","10.04.2009",2009,4,10,"Erpobdella vilnensis",2.4
"GER_071_MZB_LO_15","GER_071_MZB_LO_15-10.04.2009","10.04.2009",2009,4,10,"Gammarus",163.2
"GER_071_MZB_LO_15","GER_071_MZB_LO_15-10.04.2009","10.04.2009",2009,4,10,"Gammarus pulex",100.8
"GER_071_MZB_LO_15","GER_071_MZB_LO_15-10.04.2009","10.04.2009",2009,4,10,"Glossiphonia complanata",2.4
"GER_071_MZB_LO_15","GER_071_MZB_LO_15-10.04.2009","10.04.2009",2009,4,10,"Glossiphonia nebulosa / verrucata",2.4
"GER_071_MZB_LO_15","GER_071_MZB_LO_15-10.04.2009","10.04.2009",2009,4,10,"Halesus",4.8
"GER_071_MZB_LO_15","GER_071_MZB_LO_15-10.04.2009","10.04.2009",2009,4,10,"Hydroporus",2.4
"GER_071_MZB_LO_15","GER_071_MZB_LO_15-10.04.2009","10.04.2009",2009,4,10,"Hydropsyche angustipennis",2.4
"GER_071_MZB_LO_15","GER_071_MZB_LO_15-10.04.2009","10.04.2009",2009,4,10,"Hydropsyche saxonica",7.2
"GER_071_MZB_LO_15","GER_071_MZB_LO_15-10.04.2009","10.04.2009",2009,4,10,"Naididae / Tubificidae",9.6
"GER_071_MZB_LO_15","GER_071_MZB_LO_15-10.04.2009","10.04.2009",2009,4,10,"Oligochaeta",144
"GER_071_MZB_LO_15","GER_071_MZB_LO_15-10.04.2009","10.04.2009",2009,4,10,"Simulium",14.4
"GER_071_MZB_LO_15","GER_071_MZB_LO_15-10.04.2009","10.04.2009",2009,4,10,"Simulium (Nevermannia) vernum",9.6
"GER_071_MZB_LO_15","GER_071_MZB_LO_15-10.04.2009","10.04.2009",2009,4,10,"Simulium ornatum-Gr.",4.8
"GER_071_MZB_LO_15","GER_071_MZB_LO_15-10.04.2009","10.04.2009",2009,4,10,"Sphaerium corneum",36
"GER_071_MZB_LO_15","GER_071_MZB_LO_15-10.04.2009","10.04.2009",2009,4,10,"Stylodrilus heringianus",72
"GER_071_MZB_LO_15","GER_071_MZB_LO_15-10.04.2009","10.04.2009",2009,4,10,"Tanypodinae",2.4
"GER_071_MZB_LO_15","GER_071_MZB_LO_15-10.04.2009","10.04.2009",2009,4,10,"Tanytarsini",147.4
"GER_071_MZB_LO_15","GER_071_MZB_LO_15-09.04.2011","09.04.2011",2011,4,9,"Amphinemura standfussi",14.4
"GER_071_MZB_LO_15","GER_071_MZB_LO_15-09.04.2011","09.04.2011",2011,4,9,"Anabolia nervosa",33.6
"GER_071_MZB_LO_15","GER_071_MZB_LO_15-09.04.2011","09.04.2011",2011,4,9,"Asellus aquaticus",19.2
"GER_071_MZB_LO_15","GER_071_MZB_LO_15-09.04.2011","09.04.2011",2011,4,9,"Baetis rhodani",4.8
"GER_071_MZB_LO_15","GER_071_MZB_LO_15-09.04.2011","09.04.2011",2011,4,9,"Chironomidae",758.4
"GER_071_MZB_LO_15","GER_071_MZB_LO_15-09.04.2011","09.04.2011",2011,4,9,"Chironomini",9.6
"GER_071_MZB_LO_15","GER_071_MZB_LO_15-09.04.2011","09.04.2011",2011,4,9,"Eloeophila",4.8
"GER_071_MZB_LO_15","GER_071_MZB_LO_15-09.04.2011","09.04.2011",2011,4,9,"Ephemera danica",6.4
"GER_071_MZB_LO_15","GER_071_MZB_LO_15-09.04.2011","09.04.2011",2011,4,9,"Erpobdella octoculata",14.4
"GER_071_MZB_LO_15","GER_071_MZB_LO_15-09.04.2011","09.04.2011",2011,4,9,"Gammarus pulex",700.8
"GER_071_MZB_LO_15","GER_071_MZB_LO_15-09.04.2011","09.04.2011",2011,4,9,"Glossiphonia complanata",9.6
"GER_071_MZB_LO_15","GER_071_MZB_LO_15-09.04.2011","09.04.2011",2011,4,9,"Halesus",27.2
"GER_071_MZB_LO_15","GER_071_MZB_LO_15-09.04.2011","09.04.2011",2011,4,9,"Hydropsyche saxonica",0.8
"GER_071_MZB_LO_15","GER_071_MZB_LO_15-09.04.2011","09.04.2011",2011,4,9,"Ironoquia dubia",0.8
"GER_071_MZB_LO_15","GER_071_MZB_LO_15-09.04.2011","09.04.2011",2011,4,9,"Lithax obscurus",4.8
"GER_071_MZB_LO_15","GER_071_MZB_LO_15-09.04.2011","09.04.2011",2011,4,9,"Micropterna",1.6
"GER_071_MZB_LO_15","GER_071_MZB_LO_15-09.04.2011","09.04.2011",2011,4,9,"Naididae / Tubificidae",67.2
"GER_071_MZB_LO_15","GER_071_MZB_LO_15-09.04.2011","09.04.2011",2011,4,9,"Nebrioporus depressus / elegans",0.8
"GER_071_MZB_LO_15","GER_071_MZB_LO_15-09.04.2011","09.04.2011",2011,4,9,"Pisidium",4.8
"GER_071_MZB_LO_15","GER_071_MZB_LO_15-09.04.2011","09.04.2011",2011,4,9,"Psychodidae",14.4
"GER_071_MZB_LO_15","GER_071_MZB_LO_15-09.04.2011","09.04.2011",2011,4,9,"Simulium",48
"GER_071_MZB_LO_15","GER_071_MZB_LO_15-09.04.2011","09.04.2011",2011,4,9,"Sphaerium corneum",4.8
"GER_071_MZB_LO_15","GER_071_MZB_LO_15-09.04.2011","09.04.2011",2011,4,9,"Tanypodinae",4.8
"GER_071_MZB_LO_15","GER_071_MZB_LO_15-09.04.2011","09.04.2011",2011,4,9,"Tanytarsini",43.2
"GER_071_MZB_LO_15","GER_071_MZB_LO_15-25.04.2012","25.04.2012",2012,4,25,"Anabolia nervosa",10.4
"GER_071_MZB_LO_15","GER_071_MZB_LO_15-25.04.2012","25.04.2012",2012,4,25,"Asellus aquaticus",4.8
"GER_071_MZB_LO_15","GER_071_MZB_LO_15-25.04.2012","25.04.2012",2012,4,25,"Baetis",57.6
"GER_071_MZB_LO_15","GER_071_MZB_LO_15-25.04.2012","25.04.2012",2012,4,25,"Baetis rhodani",24
"GER_071_MZB_LO_15","GER_071_MZB_LO_15-25.04.2012","25.04.2012",2012,4,25,"Bathyomphalus contortus",0.8
"GER_071_MZB_LO_15","GER_071_MZB_LO_15-25.04.2012","25.04.2012",2012,4,25,"Ceratopogoninae / Palpomyiinae",4.8
"GER_071_MZB_LO_15","GER_071_MZB_LO_15-25.04.2012","25.04.2012",2012,4,25,"Chaetopteryx villosa",44
"GER_071_MZB_LO_15","GER_071_MZB_LO_15-25.04.2012","25.04.2012",2012,4,25,"Chironomidae",154.4
"GER_071_MZB_LO_15","GER_071_MZB_LO_15-25.04.2012","25.04.2012",2012,4,25,"Chironomini",9.6
"GER_071_MZB_LO_15","GER_071_MZB_LO_15-25.04.2012","25.04.2012",2012,4,25,"Dicranota",9.6
"GER_071_MZB_LO_15","GER_071_MZB_LO_15-25.04.2012","25.04.2012",2012,4,25,"Gammarus pulex",677.6
"GER_071_MZB_LO_15","GER_071_MZB_LO_15-25.04.2012","25.04.2012",2012,4,25,"Glossiphonia complanata",10.4
"GER_071_MZB_LO_15","GER_071_MZB_LO_15-25.04.2012","25.04.2012",2012,4,25,"Halesus",49.6
"GER_071_MZB_LO_15","GER_071_MZB_LO_15-25.04.2012","25.04.2012",2012,4,25,"Helobdella stagnalis",19.2
"GER_071_MZB_LO_15","GER_071_MZB_LO_15-25.04.2012","25.04.2012",2012,4,25,"Hydropsyche angustipennis",45.6
"GER_071_MZB_LO_15","GER_071_MZB_LO_15-25.04.2012","25.04.2012",2012,4,25,"Naididae / Tubificidae",129.6
"GER_071_MZB_LO_15","GER_071_MZB_LO_15-25.04.2012","25.04.2012",2012,4,25,"Pisidium",62.4
"GER_071_MZB_LO_15","GER_071_MZB_LO_15-25.04.2012","25.04.2012",2012,4,25,"Prodiamesa olivacea",9.6
"GER_071_MZB_LO_15","GER_071_MZB_LO_15-25.04.2012","25.04.2012",2012,4,25,"Sphaerium corneum",159.2
"GER_071_MZB_LO_15","GER_071_MZB_LO_15-25.04.2012","25.04.2012",2012,4,25,"Tanypodinae",9.6
"GER_071_MZB_LO_15","GER_071_MZB_LO_15-25.04.2012","25.04.2012",2012,4,25,"Tanytarsini",153.6
"GER_071_MZB_LO_15","GER_071_MZB_LO_15-25.04.2012","25.04.2012",2012,4,25,"Tinodes unicolor",4.8
"GER_071_MZB_LO_15","GER_071_MZB_LO_15-24.04.2013","24.04.2013",2013,4,24,"Ceratopogoninae / Palpomyiinae",4.6
"GER_071_MZB_LO_15","GER_071_MZB_LO_15-24.04.2013","24.04.2013",2013,4,24,"Chironomidae",91.4
"GER_071_MZB_LO_15","GER_071_MZB_LO_15-24.04.2013","24.04.2013",2013,4,24,"Erpobdella octoculata",0.8
"GER_071_MZB_LO_15","GER_071_MZB_LO_15-24.04.2013","24.04.2013",2013,4,24,"Gammarus pulex",18.3
"GER_071_MZB_LO_15","GER_071_MZB_LO_15-24.04.2013","24.04.2013",2013,4,24,"Glossiphonia complanata",1.5
"GER_071_MZB_LO_15","GER_071_MZB_LO_15-24.04.2013","24.04.2013",2013,4,24,"Glossiphonia nebulosa",0.8
"GER_071_MZB_LO_15","GER_071_MZB_LO_15-24.04.2013","24.04.2013",2013,4,24,"Helobdella stagnalis",4.6
"GER_071_MZB_LO_15","GER_071_MZB_LO_15-24.04.2013","24.04.2013",2013,4,24,"Ironoquia dubia",2.3
"GER_071_MZB_LO_15","GER_071_MZB_LO_15-24.04.2013","24.04.2013",2013,4,24,"Lithax obscurus",1.5
"GER_071_MZB_LO_15","GER_071_MZB_LO_15-24.04.2013","24.04.2013",2013,4,24,"Naididae / Tubificidae",438.9
"GER_071_MZB_LO_15","GER_071_MZB_LO_15-24.04.2013","24.04.2013",2013,4,24,"Notidobia ciliaris",0.8
"GER_071_MZB_LO_15","GER_071_MZB_LO_15-24.04.2013","24.04.2013",2013,4,24,"Pisidium",13.7
"GER_071_MZB_LO_15","GER_071_MZB_LO_15-24.04.2013","24.04.2013",2013,4,24,"Prodiamesa olivacea",13.7
"GER_071_MZB_LO_15","GER_071_MZB_LO_15-24.04.2013","24.04.2013",2013,4,24,"Simulium",36.6
"GER_071_MZB_LO_15","GER_071_MZB_LO_15-24.04.2013","24.04.2013",2013,4,24,"Sphaerium corneum",60.2
"GER_071_MZB_LO_15","GER_071_MZB_LO_15-24.04.2013","24.04.2013",2013,4,24,"Tanytarsini",13.7
"GER_071_MZB_LO_15","GER_071_MZB_LO_15-20.03.2015","20.03.2015",2015,3,20,"Anabolia nervosa",13.728
"GER_071_MZB_LO_15","GER_071_MZB_LO_15-20.03.2015","20.03.2015",2015,3,20,"Anisus leucostoma",0.8
"GER_071_MZB_LO_15","GER_071_MZB_LO_15-20.03.2015","20.03.2015",2015,3,20,"Anodonta anatina",0.8
"GER_071_MZB_LO_15","GER_071_MZB_LO_15-20.03.2015","20.03.2015",2015,3,20,"Asellus aquaticus",14.528
"GER_071_MZB_LO_15","GER_071_MZB_LO_15-20.03.2015","20.03.2015",2015,3,20,"Bathyomphalus contortus",11.096
"GER_071_MZB_LO_15","GER_071_MZB_LO_15-20.03.2015","20.03.2015",2015,3,20,"Brachyptera risi",15.328
"GER_071_MZB_LO_15","GER_071_MZB_LO_15-20.03.2015","20.03.2015",2015,3,20,"Chironomidae",180.584
"GER_071_MZB_LO_15","GER_071_MZB_LO_15-20.03.2015","20.03.2015",2015,3,20,"Chironomini",44.616
"GER_071_MZB_LO_15","GER_071_MZB_LO_15-20.03.2015","20.03.2015",2015,3,20,"Dendrocoelum lacteum",0.8
"GER_071_MZB_LO_15","GER_071_MZB_LO_15-20.03.2015","20.03.2015",2015,3,20,"Elodes minuta-Gr.",3.432
"GER_071_MZB_LO_15","GER_071_MZB_LO_15-20.03.2015","20.03.2015",2015,3,20,"Erpobdella octoculata",6.864
"GER_071_MZB_LO_15","GER_071_MZB_LO_15-20.03.2015","20.03.2015",2015,3,20,"Erpobdella vilnensis",5.832
"GER_071_MZB_LO_15","GER_071_MZB_LO_15-20.03.2015","20.03.2015",2015,3,20,"Galba truncatula",3.432
"GER_071_MZB_LO_15","GER_071_MZB_LO_15-20.03.2015","20.03.2015",2015,3,20,"Gammarus",102.96
"GER_071_MZB_LO_15","GER_071_MZB_LO_15-20.03.2015","20.03.2015",2015,3,20,"Gammarus pulex",24.024
"GER_071_MZB_LO_15","GER_071_MZB_LO_15-20.03.2015","20.03.2015",2015,3,20,"Glossiphonia complanata",0.8
"GER_071_MZB_LO_15","GER_071_MZB_LO_15-20.03.2015","20.03.2015",2015,3,20,"Glossiphonia nebulosa / verrucata",6.4
"GER_071_MZB_LO_15","GER_071_MZB_LO_15-20.03.2015","20.03.2015",2015,3,20,"Hydropsyche angustipennis",4.232
"GER_071_MZB_LO_15","GER_071_MZB_LO_15-20.03.2015","20.03.2015",2015,3,20,"Ironoquia dubia",4.232
"GER_071_MZB_LO_15","GER_071_MZB_LO_15-20.03.2015","20.03.2015",2015,3,20,"Limnephilini",11.896
"GER_071_MZB_LO_15","GER_071_MZB_LO_15-20.03.2015","20.03.2015",2015,3,20,"Lithax obscurus",1.6
"GER_071_MZB_LO_15","GER_071_MZB_LO_15-20.03.2015","20.03.2015",2015,3,20,"Naididae / Tubificidae",13.728
"GER_071_MZB_LO_15","GER_071_MZB_LO_15-20.03.2015","20.03.2015",2015,3,20,"Nemoura",3.432
"GER_071_MZB_LO_15","GER_071_MZB_LO_15-20.03.2015","20.03.2015",2015,3,20,"Nemourinae",3.432
"GER_071_MZB_LO_15","GER_071_MZB_LO_15-20.03.2015","20.03.2015",2015,3,20,"Oligochaeta",48.048
"GER_071_MZB_LO_15","GER_071_MZB_LO_15-20.03.2015","20.03.2015",2015,3,20,"Pisidium",34.32
"GER_071_MZB_LO_15","GER_071_MZB_LO_15-20.03.2015","20.03.2015",2015,3,20,"Proasellus",3.432
"GER_071_MZB_LO_15","GER_071_MZB_LO_15-20.03.2015","20.03.2015",2015,3,20,"Sialis lutaria",3.432
"GER_071_MZB_LO_15","GER_071_MZB_LO_15-20.03.2015","20.03.2015",2015,3,20,"Simulium",756.64
"GER_071_MZB_LO_15","GER_071_MZB_LO_15-20.03.2015","20.03.2015",2015,3,20,"Sphaerium corneum",18.76
"GER_071_MZB_LO_15","GER_071_MZB_LO_15-20.03.2015","20.03.2015",2015,3,20,"Stylodrilus heringianus",17.16
"GER_071_MZB_LO_15","GER_071_MZB_LO_15-20.03.2015","20.03.2015",2015,3,20,"Tanypodinae",3.432
"GER_071_MZB_LO_15","GER_071_MZB_LO_15-20.03.2015","20.03.2015",2015,3,20,"Tanytarsini",60.512
"GER_071_MZB_LO_15","GER_071_MZB_LO_15-20.03.2015","20.03.2015",2015,3,20,"Tinodes",8.232
"GER_071_MZB_LO_15","GER_071_MZB_LO_15-15.03.2018","15.03.2018",2018,3,15,"Anabolia nervosa",4.8
"GER_071_MZB_LO_15","GER_071_MZB_LO_15-15.03.2018","15.03.2018",2018,3,15,"Asellus aquaticus",72
"GER_071_MZB_LO_15","GER_071_MZB_LO_15-15.03.2018","15.03.2018",2018,3,15,"Baetis rhodani",161.6
"GER_071_MZB_LO_15","GER_071_MZB_LO_15-15.03.2018","15.03.2018",2018,3,15,"Bathyomphalus contortus",2.4
"GER_071_MZB_LO_15","GER_071_MZB_LO_15-15.03.2018","15.03.2018",2018,3,15,"Beraeodes minutus",1.6
"GER_071_MZB_LO_15","GER_071_MZB_LO_15-15.03.2018","15.03.2018",2018,3,15,"Ceratopogonidae",0.8
"GER_071_MZB_LO_15","GER_071_MZB_LO_15-15.03.2018","15.03.2018",2018,3,15,"Chironomidae",2.4
"GER_071_MZB_LO_15","GER_071_MZB_LO_15-15.03.2018","15.03.2018",2018,3,15,"Dicranota",2.4
"GER_071_MZB_LO_15","GER_071_MZB_LO_15-15.03.2018","15.03.2018",2018,3,15,"Erpobdella octoculata",0.8
"GER_071_MZB_LO_15","GER_071_MZB_LO_15-15.03.2018","15.03.2018",2018,3,15,"Gammarus pulex",194.4
"GER_071_MZB_LO_15","GER_071_MZB_LO_15-15.03.2018","15.03.2018",2018,3,15,"Glossiphonia complanata",2.4
"GER_071_MZB_LO_15","GER_071_MZB_LO_15-15.03.2018","15.03.2018",2018,3,15,"Glyphotaelius pellucidus",1.6
"GER_071_MZB_LO_15","GER_071_MZB_LO_15-15.03.2018","15.03.2018",2018,3,15,"Halesus digitatus",20
"GER_071_MZB_LO_15","GER_071_MZB_LO_15-15.03.2018","15.03.2018",2018,3,15,"Haliplus lineatocollis",0.8
"GER_071_MZB_LO_15","GER_071_MZB_LO_15-15.03.2018","15.03.2018",2018,3,15,"Hydropsyche angustipennis",0.8
"GER_071_MZB_LO_15","GER_071_MZB_LO_15-15.03.2018","15.03.2018",2018,3,15,"Limnephilus extricatus",4
"GER_071_MZB_LO_15","GER_071_MZB_LO_15-15.03.2018","15.03.2018",2018,3,15,"Limnephilus rhombicus",6.4
"GER_071_MZB_LO_15","GER_071_MZB_LO_15-15.03.2018","15.03.2018",2018,3,15,"Naididae / Tubificidae",8
"GER_071_MZB_LO_15","GER_071_MZB_LO_15-15.03.2018","15.03.2018",2018,3,15,"Nemoura",0.8
"GER_071_MZB_LO_15","GER_071_MZB_LO_15-15.03.2018","15.03.2018",2018,3,15,"Pisidium",0.8
"GER_071_MZB_LO_15","GER_071_MZB_LO_15-15.03.2018","15.03.2018",2018,3,15,"Simulium ornatum",320
"GER_071_MZB_LO_15","GER_071_MZB_LO_15-15.03.2018","15.03.2018",2018,3,15,"Sphaerium corneum",30.4
"GER_071_MZB_LO_15","GER_071_MZB_LO_15-15.03.2018","15.03.2018",2018,3,15,"Tipulidae",0.8
"GER_071_MZB_LO_15","GER_071_MZB_LO_15-25.03.2021","25.03.2021",2021,3,25,"Anabolia nervosa",8.6
"GER_071_MZB_LO_15","GER_071_MZB_LO_15-25.03.2021","25.03.2021",2021,3,25,"Asellus aquaticus",31.4
"GER_071_MZB_LO_15","GER_071_MZB_LO_15-25.03.2021","25.03.2021",2021,3,25,"Bathyomphalus contortus",2.9
"GER_071_MZB_LO_15","GER_071_MZB_LO_15-25.03.2021","25.03.2021",2021,3,25,"Ceratopogoninae / Palpomyiinae",8.6
"GER_071_MZB_LO_15","GER_071_MZB_LO_15-25.03.2021","25.03.2021",2021,3,25,"Chironomidae",929.8
"GER_071_MZB_LO_15","GER_071_MZB_LO_15-25.03.2021","25.03.2021",2021,3,25,"Chironomini",127.9
"GER_071_MZB_LO_15","GER_071_MZB_LO_15-25.03.2021","25.03.2021",2021,3,25,"Dendrocoelum lacteum",5.7
"GER_071_MZB_LO_15","GER_071_MZB_LO_15-25.03.2021","25.03.2021",2021,3,25,"Eiseniella tetraedra",2.9
"GER_071_MZB_LO_15","GER_071_MZB_LO_15-25.03.2021","25.03.2021",2021,3,25,"Gammarus",2.9
"GER_071_MZB_LO_15","GER_071_MZB_LO_15-25.03.2021","25.03.2021",2021,3,25,"Gammarus pulex",51.4
"GER_071_MZB_LO_15","GER_071_MZB_LO_15-25.03.2021","25.03.2021",2021,3,25,"Glossiphonia complanata",2.9
"GER_071_MZB_LO_15","GER_071_MZB_LO_15-25.03.2021","25.03.2021",2021,3,25,"Glyphotaelius pellucidus",14.3
"GER_071_MZB_LO_15","GER_071_MZB_LO_15-25.03.2021","25.03.2021",2021,3,25,"Halesus",2.9
"GER_071_MZB_LO_15","GER_071_MZB_LO_15-25.03.2021","25.03.2021",2021,3,25,"Ironoquia dubia",17.1
"GER_071_MZB_LO_15","GER_071_MZB_LO_15-25.03.2021","25.03.2021",2021,3,25,"Limnephilini",31.4
"GER_071_MZB_LO_15","GER_071_MZB_LO_15-25.03.2021","25.03.2021",2021,3,25,"Limnephilus",25.7
"GER_071_MZB_LO_15","GER_071_MZB_LO_15-25.03.2021","25.03.2021",2021,3,25,"Limnephilus flavicornis",2.9
"GER_071_MZB_LO_15","GER_071_MZB_LO_15-25.03.2021","25.03.2021",2021,3,25,"Limnephilus lunatus",8.6
"GER_071_MZB_LO_15","GER_071_MZB_LO_15-25.03.2021","25.03.2021",2021,3,25,"Limnephilus rhombicus",8.6
"GER_071_MZB_LO_15","GER_071_MZB_LO_15-25.03.2021","25.03.2021",2021,3,25,"Limoniidae",2.9
"GER_071_MZB_LO_15","GER_071_MZB_LO_15-25.03.2021","25.03.2021",2021,3,25,"Lumbricidae",2.9
"GER_071_MZB_LO_15","GER_071_MZB_LO_15-25.03.2021","25.03.2021",2021,3,25,"Lumbriculus variegatus",2.9
"GER_071_MZB_LO_15","GER_071_MZB_LO_15-25.03.2021","25.03.2021",2021,3,25,"Naididae / Tubificidae",88.6
"GER_071_MZB_LO_15","GER_071_MZB_LO_15-25.03.2021","25.03.2021",2021,3,25,"Nemoura cinerea",8.6
"GER_071_MZB_LO_15","GER_071_MZB_LO_15-25.03.2021","25.03.2021",2021,3,25,"Pilaria",2.9
"GER_071_MZB_LO_15","GER_071_MZB_LO_15-25.03.2021","25.03.2021",2021,3,25,"Pisidium",22.9
"GER_071_MZB_LO_15","GER_071_MZB_LO_15-25.03.2021","25.03.2021",2021,3,25,"Planorbarius corneus",2.9
"GER_071_MZB_LO_15","GER_071_MZB_LO_15-25.03.2021","25.03.2021",2021,3,25,"Platambus maculatus",0.8
"GER_071_MZB_LO_15","GER_071_MZB_LO_15-25.03.2021","25.03.2021",2021,3,25,"Polycelis nigra / tenuis",5.7
"GER_071_MZB_LO_15","GER_071_MZB_LO_15-25.03.2021","25.03.2021",2021,3,25,"Prodiamesa olivacea",23.2
"GER_071_MZB_LO_15","GER_071_MZB_LO_15-25.03.2021","25.03.2021",2021,3,25,"Psychodidae",2.9
"GER_071_MZB_LO_15","GER_071_MZB_LO_15-25.03.2021","25.03.2021",2021,3,25,"Sigara lateralis",2.9
"GER_071_MZB_LO_15","GER_071_MZB_LO_15-25.03.2021","25.03.2021",2021,3,25,"Simulium",97.1
"GER_071_MZB_LO_15","GER_071_MZB_LO_15-25.03.2021","25.03.2021",2021,3,25,"Sphaerium corneum",2.9
"GER_071_MZB_LO_15","GER_071_MZB_LO_15-25.03.2021","25.03.2021",2021,3,25,"Stylodrilus heringianus",8.6
"GER_071_MZB_LO_15","GER_071_MZB_LO_15-25.03.2021","25.03.2021",2021,3,25,"Tanypodinae",34.9
"GER_071_MZB_LO_15","GER_071_MZB_LO_15-25.03.2021","25.03.2021",2021,3,25,"Tanytarsini",81.4
"GER_071_MZB_LO_9","GER_071_MZB_LO_9-14.04.2009","14.04.2009",2009,4,14,"Anabolia nervosa",1.6
"GER_071_MZB_LO_9","GER_071_MZB_LO_9-14.04.2009","14.04.2009",2009,4,14,"Baetis rhodani",8.8
"GER_071_MZB_LO_9","GER_071_MZB_LO_9-14.04.2009","14.04.2009",2009,4,14,"Chironomidae",12
"GER_071_MZB_LO_9","GER_071_MZB_LO_9-14.04.2009","14.04.2009",2009,4,14,"Chironomini",4
"GER_071_MZB_LO_9","GER_071_MZB_LO_9-14.04.2009","14.04.2009",2009,4,14,"Dicranota",0.8
"GER_071_MZB_LO_9","GER_071_MZB_LO_9-14.04.2009","14.04.2009",2009,4,14,"Dugesia gonocephala",0.8
"GER_071_MZB_LO_9","GER_071_MZB_LO_9-14.04.2009","14.04.2009",2009,4,14,"Erpobdella octoculata",4.8
"GER_071_MZB_LO_9","GER_071_MZB_LO_9-14.04.2009","14.04.2009",2009,4,14,"Gammarus pulex",8
"GER_071_MZB_LO_9","GER_071_MZB_LO_9-14.04.2009","14.04.2009",2009,4,14,"Glossiphonia complanata",1.6
"GER_071_MZB_LO_9","GER_071_MZB_LO_9-14.04.2009","14.04.2009",2009,4,14,"Gyraulus albus",0.8
"GER_071_MZB_LO_9","GER_071_MZB_LO_9-14.04.2009","14.04.2009",2009,4,14,"Halesus",1.6
"GER_071_MZB_LO_9","GER_071_MZB_LO_9-14.04.2009","14.04.2009",2009,4,14,"Kageronia fuscogrisea",1.6
"GER_071_MZB_LO_9","GER_071_MZB_LO_9-14.04.2009","14.04.2009",2009,4,14,"Leptophlebia submarginata",7.2
"GER_071_MZB_LO_9","GER_071_MZB_LO_9-14.04.2009","14.04.2009",2009,4,14,"Limnephilus rhombicus",0.8
"GER_071_MZB_LO_9","GER_071_MZB_LO_9-14.04.2009","14.04.2009",2009,4,14,"Naididae / Tubificidae",23.2
"GER_071_MZB_LO_9","GER_071_MZB_LO_9-14.04.2009","14.04.2009",2009,4,14,"Nebrioporus depressus elegans",0.8
"GER_071_MZB_LO_9","GER_071_MZB_LO_9-14.04.2009","14.04.2009",2009,4,14,"Pisidium",41.6
"GER_071_MZB_LO_9","GER_071_MZB_LO_9-14.04.2009","14.04.2009",2009,4,14,"Pisidium amnicum",5.6
"GER_071_MZB_LO_9","GER_071_MZB_LO_9-14.04.2009","14.04.2009",2009,4,14,"Potamopyrgus antipodarum",4
"GER_071_MZB_LO_9","GER_071_MZB_LO_9-14.04.2009","14.04.2009",2009,4,14,"Prodiamesa olivacea",4.8
"GER_071_MZB_LO_9","GER_071_MZB_LO_9-14.04.2009","14.04.2009",2009,4,14,"Ptychoptera",8
"GER_071_MZB_LO_9","GER_071_MZB_LO_9-14.04.2009","14.04.2009",2009,4,14,"Radix balthica",1.6
"GER_071_MZB_LO_9","GER_071_MZB_LO_9-14.04.2009","14.04.2009",2009,4,14,"Sialis lutaria",1.6
"GER_071_MZB_LO_9","GER_071_MZB_LO_9-14.04.2009","14.04.2009",2009,4,14,"Simulium",0.8
"GER_071_MZB_LO_9","GER_071_MZB_LO_9-14.04.2009","14.04.2009",2009,4,14,"Tanypodinae",4
"GER_071_MZB_LO_9","GER_071_MZB_LO_9-14.04.2009","14.04.2009",2009,4,14,"Tanytarsini",124.8
"GER_071_MZB_LO_9","GER_071_MZB_LO_9-28.04.2010","28.04.2010",2010,4,28,"Anabolia nervosa",10.4
"GER_071_MZB_LO_9","GER_071_MZB_LO_9-28.04.2010","28.04.2010",2010,4,28,"Asellus aquaticus",3.2
"GER_071_MZB_LO_9","GER_071_MZB_LO_9-28.04.2010","28.04.2010",2010,4,28,"Baetis rhodani",8.8
"GER_071_MZB_LO_9","GER_071_MZB_LO_9-28.04.2010","28.04.2010",2010,4,28,"Brachycentrus maculatus",1.6
"GER_071_MZB_LO_9","GER_071_MZB_LO_9-28.04.2010","28.04.2010",2010,4,28,"Caenis rivulorum",2.4
"GER_071_MZB_LO_9","GER_071_MZB_LO_9-28.04.2010","28.04.2010",2010,4,28,"Chironomidae",139.2
"GER_071_MZB_LO_9","GER_071_MZB_LO_9-28.04.2010","28.04.2010",2010,4,28,"Dicranota",0.8
"GER_071_MZB_LO_9","GER_071_MZB_LO_9-28.04.2010","28.04.2010",2010,4,28,"Elmis aenea",0.8
"GER_071_MZB_LO_9","GER_071_MZB_LO_9-28.04.2010","28.04.2010",2010,4,28,"Elodes",0.8
"GER_071_MZB_LO_9","GER_071_MZB_LO_9-28.04.2010","28.04.2010",2010,4,28,"Ephemera danica",0.8
"GER_071_MZB_LO_9","GER_071_MZB_LO_9-28.04.2010","28.04.2010",2010,4,28,"Gammarus pulex",37.6
"GER_071_MZB_LO_9","GER_071_MZB_LO_9-28.04.2010","28.04.2010",2010,4,28,"Hydropsyche siltalai",4
"GER_071_MZB_LO_9","GER_071_MZB_LO_9-28.04.2010","28.04.2010",2010,4,28,"Kageronia fuscogrisea",5.6
"GER_071_MZB_LO_9","GER_071_MZB_LO_9-28.04.2010","28.04.2010",2010,4,28,"Leptophlebia submarginata",3.2
"GER_071_MZB_LO_9","GER_071_MZB_LO_9-28.04.2010","28.04.2010",2010,4,28,"Naididae / Tubificidae",0.8
"GER_071_MZB_LO_9","GER_071_MZB_LO_9-28.04.2010","28.04.2010",2010,4,28,"Pisidium amnicum",0.8
"GER_071_MZB_LO_9","GER_071_MZB_LO_9-28.04.2010","28.04.2010",2010,4,28,"Ptychoptera",0.8
"GER_071_MZB_LO_9","GER_071_MZB_LO_9-28.04.2010","28.04.2010",2010,4,28,"Tanypodinae",3.2
"GER_071_MZB_LO_9","GER_071_MZB_LO_9-28.04.2010","28.04.2010",2010,4,28,"Tanytarsini",1.6
"GER_071_MZB_LO_9","GER_071_MZB_LO_9-20.04.2011","20.04.2011",2011,4,20,"Anabolia nervosa",10.4
"GER_071_MZB_LO_9","GER_071_MZB_LO_9-20.04.2011","20.04.2011",2011,4,20,"Asellus aquaticus",10.4
"GER_071_MZB_LO_9","GER_071_MZB_LO_9-20.04.2011","20.04.2011",2011,4,20,"Caenis rivulorum",116.8
"GER_071_MZB_LO_9","GER_071_MZB_LO_9-20.04.2011","20.04.2011",2011,4,20,"Chaetopterygini / Stenophylacini",1.6
"GER_071_MZB_LO_9","GER_071_MZB_LO_9-20.04.2011","20.04.2011",2011,4,20,"Chironomidae",80
"GER_071_MZB_LO_9","GER_071_MZB_LO_9-20.04.2011","20.04.2011",2011,4,20,"Chironomini",3.2
"GER_071_MZB_LO_9","GER_071_MZB_LO_9-20.04.2011","20.04.2011",2011,4,20,"Dicranota",2.4
"GER_071_MZB_LO_9","GER_071_MZB_LO_9-20.04.2011","20.04.2011",2011,4,20,"Elmis aenea",6.4
"GER_071_MZB_LO_9","GER_071_MZB_LO_9-20.04.2011","20.04.2011",2011,4,20,"Eloeophila",1.6
"GER_071_MZB_LO_9","GER_071_MZB_LO_9-20.04.2011","20.04.2011",2011,4,20,"Ephemera danica",1.6
"GER_071_MZB_LO_9","GER_071_MZB_LO_9-20.04.2011","20.04.2011",2011,4,20,"Erpobdella octoculata",0.8
"GER_071_MZB_LO_9","GER_071_MZB_LO_9-20.04.2011","20.04.2011",2011,4,20,"Gammarus pulex",174.4
"GER_071_MZB_LO_9","GER_071_MZB_LO_9-20.04.2011","20.04.2011",2011,4,20,"Haliplus",1.6
"GER_071_MZB_LO_9","GER_071_MZB_LO_9-20.04.2011","20.04.2011",2011,4,20,"Leptophlebia submarginata",1.6
"GER_071_MZB_LO_9","GER_071_MZB_LO_9-20.04.2011","20.04.2011",2011,4,20,"Leptophlebia vespertina",0.8
"GER_071_MZB_LO_9","GER_071_MZB_LO_9-20.04.2011","20.04.2011",2011,4,20,"Limnephilus lunatus",0.8
"GER_071_MZB_LO_9","GER_071_MZB_LO_9-20.04.2011","20.04.2011",2011,4,20,"Lumbriculus variegatus",1.6
"GER_071_MZB_LO_9","GER_071_MZB_LO_9-20.04.2011","20.04.2011",2011,4,20,"Naididae / Tubificidae",120
"GER_071_MZB_LO_9","GER_071_MZB_LO_9-20.04.2011","20.04.2011",2011,4,20,"Oreodytes sanmarkii",0.8
"GER_071_MZB_LO_9","GER_071_MZB_LO_9-20.04.2011","20.04.2011",2011,4,20,"Pisidium",12.8
"GER_071_MZB_LO_9","GER_071_MZB_LO_9-20.04.2011","20.04.2011",2011,4,20,"Pisidium amnicum",2.4
"GER_071_MZB_LO_9","GER_071_MZB_LO_9-20.04.2011","20.04.2011",2011,4,20,"Procloeon bifidum",9.6
"GER_071_MZB_LO_9","GER_071_MZB_LO_9-20.04.2011","20.04.2011",2011,4,20,"Prodiamesa olivacea",4.8
"GER_071_MZB_LO_9","GER_071_MZB_LO_9-20.04.2011","20.04.2011",2011,4,20,"Sigara",0.8
"GER_071_MZB_LO_9","GER_071_MZB_LO_9-20.04.2011","20.04.2011",2011,4,20,"Tanypodinae",6.4
"GER_071_MZB_LO_9","GER_071_MZB_LO_9-20.04.2011","20.04.2011",2011,4,20,"Tanytarsini",14.4
"GER_071_MZB_LO_9","GER_071_MZB_LO_9-12.04.2013","12.04.2013",2013,4,12,"Acroloxus lacustris",1.52381
"GER_071_MZB_LO_9","GER_071_MZB_LO_9-12.04.2013","12.04.2013",2013,4,12,"Ancylus fluviatilis",2.28571
"GER_071_MZB_LO_9","GER_071_MZB_LO_9-12.04.2013","12.04.2013",2013,4,12,"Asellus aquaticus",3.80952
"GER_071_MZB_LO_9","GER_071_MZB_LO_9-12.04.2013","12.04.2013",2013,4,12,"Baetis rhodani",16
"GER_071_MZB_LO_9","GER_071_MZB_LO_9-12.04.2013","12.04.2013",2013,4,12,"Brachycentrus subnubilus",0.7619
"GER_071_MZB_LO_9","GER_071_MZB_LO_9-12.04.2013","12.04.2013",2013,4,12,"Chironominae",3.04762
"GER_071_MZB_LO_9","GER_071_MZB_LO_9-12.04.2013","12.04.2013",2013,4,12,"Elmis aenea",0.7619
"GER_071_MZB_LO_9","GER_071_MZB_LO_9-12.04.2013","12.04.2013",2013,4,12,"Gammarus pulex",19.04762
"GER_071_MZB_LO_9","GER_071_MZB_LO_9-12.04.2013","12.04.2013",2013,4,12,"Heptagenia flava",2.28571
"GER_071_MZB_LO_9","GER_071_MZB_LO_9-12.04.2013","12.04.2013",2013,4,12,"Heptagenia sulphurea",2.28571
"GER_071_MZB_LO_9","GER_071_MZB_LO_9-12.04.2013","12.04.2013",2013,4,12,"Hydropsyche siltalai",0.7619
"GER_071_MZB_LO_9","GER_071_MZB_LO_9-12.04.2013","12.04.2013",2013,4,12,"Kageronia fuscogrisea",4.57143
"GER_071_MZB_LO_9","GER_071_MZB_LO_9-12.04.2013","12.04.2013",2013,4,12,"Leptophlebia submarginata",2.28571
"GER_071_MZB_LO_9","GER_071_MZB_LO_9-12.04.2013","12.04.2013",2013,4,12,"Limnephilus fuscicornis",0.7619
"GER_071_MZB_LO_9","GER_071_MZB_LO_9-12.04.2013","12.04.2013",2013,4,12,"Lype reducta",1.52381
"GER_071_MZB_LO_9","GER_071_MZB_LO_9-12.04.2013","12.04.2013",2013,4,12,"Naididae / Tubificidae",6.85714
"GER_071_MZB_LO_9","GER_071_MZB_LO_9-12.04.2013","12.04.2013",2013,4,12,"Oreodytes sanmarkii",0.7619
"GER_071_MZB_LO_9","GER_071_MZB_LO_9-12.04.2013","12.04.2013",2013,4,12,"Polycentropus irroratus",0.7619
"GER_071_MZB_LO_9","GER_071_MZB_LO_9-12.04.2013","12.04.2013",2013,4,12,"Prodiamesa olivacea",0.7619
"GER_071_MZB_LO_9","GER_071_MZB_LO_9-12.04.2013","12.04.2013",2013,4,12,"Sialis lutaria",0.7619
"GER_071_MZB_LO_9","GER_071_MZB_LO_9-12.04.2013","12.04.2013",2013,4,12,"Sigara falleni",0.7619
"GER_071_MZB_LO_9","GER_071_MZB_LO_9-12.04.2013","12.04.2013",2013,4,12,"Simulium",66.28571
"GER_071_MZB_LO_9","GER_071_MZB_LO_9-12.04.2013","12.04.2013",2013,4,12,"Simulium ornatum-Gr.",1.52381
"GER_071_MZB_LO_9","GER_071_MZB_LO_9-12.04.2013","12.04.2013",2013,4,12,"Tanypodinae",0.7619
"GER_071_MZB_LO_9","GER_071_MZB_LO_9-12.04.2013","12.04.2013",2013,4,12,"Tanytarsini",4.57143
"GER_071_MZB_LO_9","GER_071_MZB_LO_9-29.04.2016","29.04.2016",2016,4,29,"Anabolia nervosa",36.8
"GER_071_MZB_LO_9","GER_071_MZB_LO_9-29.04.2016","29.04.2016",2016,4,29,"Asellus aquaticus",115.2
"GER_071_MZB_LO_9","GER_071_MZB_LO_9-29.04.2016","29.04.2016",2016,4,29,"Baetis rhodani",48
"GER_071_MZB_LO_9","GER_071_MZB_LO_9-29.04.2016","29.04.2016",2016,4,29,"Chironomidae",24
"GER_071_MZB_LO_9","GER_071_MZB_LO_9-29.04.2016","29.04.2016",2016,4,29,"Corixidae",1.6
"GER_071_MZB_LO_9","GER_071_MZB_LO_9-29.04.2016","29.04.2016",2016,4,29,"Dugesia gonocephala",6.4
"GER_071_MZB_LO_9","GER_071_MZB_LO_9-29.04.2016","29.04.2016",2016,4,29,"Elmis aenea",28.8
"GER_071_MZB_LO_9","GER_071_MZB_LO_9-29.04.2016","29.04.2016",2016,4,29,"Ephemera danica",3.2
"GER_071_MZB_LO_9","GER_071_MZB_LO_9-29.04.2016","29.04.2016",2016,4,29,"Erpobdella octoculata",9.6
"GER_071_MZB_LO_9","GER_071_MZB_LO_9-29.04.2016","29.04.2016",2016,4,29,"Gammarus pulex",475.2
"GER_071_MZB_LO_9","GER_071_MZB_LO_9-29.04.2016","29.04.2016",2016,4,29,"Heptagenia flava",3.2
"GER_071_MZB_LO_9","GER_071_MZB_LO_9-29.04.2016","29.04.2016",2016,4,29,"Heptagenia sulphurea",19.2
"GER_071_MZB_LO_9","GER_071_MZB_LO_9-29.04.2016","29.04.2016",2016,4,29,"Hydropsyche siltalai",35.2
"GER_071_MZB_LO_9","GER_071_MZB_LO_9-29.04.2016","29.04.2016",2016,4,29,"Kageronia fuscogrisea",8
"GER_071_MZB_LO_9","GER_071_MZB_LO_9-29.04.2016","29.04.2016",2016,4,29,"Lepidostoma hirtum",3.2
"GER_071_MZB_LO_9","GER_071_MZB_LO_9-29.04.2016","29.04.2016",2016,4,29,"Limnodrilus hoffmeisteri",72
"GER_071_MZB_LO_9","GER_071_MZB_LO_9-29.04.2016","29.04.2016",2016,4,29,"Notidobia ciliaris",1.6
"GER_071_MZB_LO_9","GER_071_MZB_LO_9-29.04.2016","29.04.2016",2016,4,29,"Oreodytes sanmarkii",6.4
"GER_071_MZB_LO_9","GER_071_MZB_LO_9-29.04.2016","29.04.2016",2016,4,29,"Pisidium amnicum",3.2
"GER_071_MZB_LO_9","GER_071_MZB_LO_9-29.04.2016","29.04.2016",2016,4,29,"Polycentropus irroratus",1.6
"GER_071_MZB_LO_9","GER_071_MZB_LO_9-29.04.2016","29.04.2016",2016,4,29,"Potamophylax latipennis",1.6
"GER_071_MZB_LO_9","GER_071_MZB_LO_9-29.04.2016","29.04.2016",2016,4,29,"Prodiamesa olivacea",8
"GER_071_MZB_LO_9","GER_071_MZB_LO_9-29.04.2016","29.04.2016",2016,4,29,"Psammoryctides",24
"GER_071_MZB_LO_9","GER_071_MZB_LO_9-29.04.2016","29.04.2016",2016,4,29,"Ptychoptera",3.2
"GER_071_MZB_LO_9","GER_071_MZB_LO_9-29.04.2016","29.04.2016",2016,4,29,"Tanytarsini",131.2
"GER_071_MZB_LO_9","GER_071_MZB_LO_9-18.04.2019","18.04.2019",2019,4,18,"Anabolia nervosa",22.9
"GER_071_MZB_LO_9","GER_071_MZB_LO_9-18.04.2019","18.04.2019",2019,4,18,"Ancylus fluviatilis",6.9
"GER_071_MZB_LO_9","GER_071_MZB_LO_9-18.04.2019","18.04.2019",2019,4,18,"Asellus aquaticus",29.7
"GER_071_MZB_LO_9","GER_071_MZB_LO_9-18.04.2019","18.04.2019",2019,4,18,"Baetis rhodani",18.3
"GER_071_MZB_LO_9","GER_071_MZB_LO_9-18.04.2019","18.04.2019",2019,4,18,"Baetis vernus",2.3
"GER_071_MZB_LO_9","GER_071_MZB_LO_9-18.04.2019","18.04.2019",2019,4,18,"Brachycentrus subnubilus",0.8
"GER_071_MZB_LO_9","GER_071_MZB_LO_9-18.04.2019","18.04.2019",2019,4,18,"Caenis rivulorum",11.4
"GER_071_MZB_LO_9","GER_071_MZB_LO_9-18.04.2019","18.04.2019",2019,4,18,"Calopteryx splendens",0.8
"GER_071_MZB_LO_9","GER_071_MZB_LO_9-18.04.2019","18.04.2019",2019,4,18,"Centroptilum luteolum",11.4
"GER_071_MZB_LO_9","GER_071_MZB_LO_9-18.04.2019","18.04.2019",2019,4,18,"Chaetopterygini / Stenophylacini",6.9
"GER_071_MZB_LO_9","GER_071_MZB_LO_9-18.04.2019","18.04.2019",2019,4,18,"Chironomidae",27.4
"GER_071_MZB_LO_9","GER_071_MZB_LO_9-18.04.2019","18.04.2019",2019,4,18,"Chironomini",4.6
"GER_071_MZB_LO_9","GER_071_MZB_LO_9-18.04.2019","18.04.2019",2019,4,18,"Dugesia gonocephala",16
"GER_071_MZB_LO_9","GER_071_MZB_LO_9-18.04.2019","18.04.2019",2019,4,18,"Elmis",11.4
"GER_071_MZB_LO_9","GER_071_MZB_LO_9-18.04.2019","18.04.2019",2019,4,18,"Elmis aenea",38.9
"GER_071_MZB_LO_9","GER_071_MZB_LO_9-18.04.2019","18.04.2019",2019,4,18,"Eloeophila",11.4
"GER_071_MZB_LO_9","GER_071_MZB_LO_9-18.04.2019","18.04.2019",2019,4,18,"Ephemera danica",70.9
"GER_071_MZB_LO_9","GER_071_MZB_LO_9-18.04.2019","18.04.2019",2019,4,18,"Erpobdella octoculata",4.6
"GER_071_MZB_LO_9","GER_071_MZB_LO_9-18.04.2019","18.04.2019",2019,4,18,"Gammarus",48
"GER_071_MZB_LO_9","GER_071_MZB_LO_9-18.04.2019","18.04.2019",2019,4,18,"Gammarus pulex",132.6
"GER_071_MZB_LO_9","GER_071_MZB_LO_9-18.04.2019","18.04.2019",2019,4,18,"Goera pilosa",11.4
"GER_071_MZB_LO_9","GER_071_MZB_LO_9-18.04.2019","18.04.2019",2019,4,18,"Halesus radiatus",2.3
"GER_071_MZB_LO_9","GER_071_MZB_LO_9-18.04.2019","18.04.2019",2019,4,18,"Halesus tesselatus",0.8
"GER_071_MZB_LO_9","GER_071_MZB_LO_9-18.04.2019","18.04.2019",2019,4,18,"Helophorus brevipalpis",2.3
"GER_071_MZB_LO_9","GER_071_MZB_LO_9-18.04.2019","18.04.2019",2019,4,18,"Heptagenia",9.1
"GER_071_MZB_LO_9","GER_071_MZB_LO_9-18.04.2019","18.04.2019",2019,4,18,"Heptagenia flava",2.3
"GER_071_MZB_LO_9","GER_071_MZB_LO_9-18.04.2019","18.04.2019",2019,4,18,"Heptagenia sulphurea",50.3
"GER_071_MZB_LO_9","GER_071_MZB_LO_9-18.04.2019","18.04.2019",2019,4,18,"Hydropsyche pellucidula",1.5
"GER_071_MZB_LO_9","GER_071_MZB_LO_9-18.04.2019","18.04.2019",2019,4,18,"Hydropsyche siltalai",4.6
"GER_071_MZB_LO_9","GER_071_MZB_LO_9-18.04.2019","18.04.2019",2019,4,18,"Kageronia fuscogrisea",121.1
"GER_071_MZB_LO_9","GER_071_MZB_LO_9-18.04.2019","18.04.2019",2019,4,18,"Lepidostoma hirtum",11.4
"GER_071_MZB_LO_9","GER_071_MZB_LO_9-18.04.2019","18.04.2019",2019,4,18,"Leptophlebia submarginata",68.6
"GER_071_MZB_LO_9","GER_071_MZB_LO_9-18.04.2019","18.04.2019",2019,4,18,"Limnephilini",38.9
"GER_071_MZB_LO_9","GER_071_MZB_LO_9-18.04.2019","18.04.2019",2019,4,18,"Limnephilus",0.8
"GER_071_MZB_LO_9","GER_071_MZB_LO_9-18.04.2019","18.04.2019",2019,4,18,"Limoniidae",2.3
"GER_071_MZB_LO_9","GER_071_MZB_LO_9-18.04.2019","18.04.2019",2019,4,18,"Lype",9.1
"GER_071_MZB_LO_9","GER_071_MZB_LO_9-18.04.2019","18.04.2019",2019,4,18,"Naididae / Tubificidae",6.9
"GER_071_MZB_LO_9","GER_071_MZB_LO_9-18.04.2019","18.04.2019",2019,4,18,"Orectochilus villosus",4.6
"GER_071_MZB_LO_9","GER_071_MZB_LO_9-18.04.2019","18.04.2019",2019,4,18,"Oreodytes sanmarkii",9.1
"GER_071_MZB_LO_9","GER_071_MZB_LO_9-18.04.2019","18.04.2019",2019,4,18,"Pisidium amnicum",2.3
"GER_071_MZB_LO_9","GER_071_MZB_LO_9-18.04.2019","18.04.2019",2019,4,18,"Polycentropodidae",2.3
"GER_071_MZB_LO_9","GER_071_MZB_LO_9-18.04.2019","18.04.2019",2019,4,18,"Polycentropus flavomaculatus",6.9
"GER_071_MZB_LO_9","GER_071_MZB_LO_9-18.04.2019","18.04.2019",2019,4,18,"Polycentropus irroratus",4.6
"GER_071_MZB_LO_9","GER_071_MZB_LO_9-18.04.2019","18.04.2019",2019,4,18,"Potamophylax cingulatus / latipennis / luctuosus",2.3
"GER_071_MZB_LO_9","GER_071_MZB_LO_9-18.04.2019","18.04.2019",2019,4,18,"Ptychoptera",2.3
"GER_071_MZB_LO_9","GER_071_MZB_LO_9-18.04.2019","18.04.2019",2019,4,18,"Radix balthica",0.8
"GER_071_MZB_LO_9","GER_071_MZB_LO_9-18.04.2019","18.04.2019",2019,4,18,"Rhyacophila - Rhyacophila",2.3
"GER_071_MZB_LO_9","GER_071_MZB_LO_9-18.04.2019","18.04.2019",2019,4,18,"Sigara fossarum",6.9
"GER_071_MZB_LO_9","GER_071_MZB_LO_9-18.04.2019","18.04.2019",2019,4,18,"Simulium",41.1
"GER_071_MZB_LO_9","GER_071_MZB_LO_9-18.04.2019","18.04.2019",2019,4,18,"Simulium (Nevermannia) lundstromi",2.3
"GER_071_MZB_LO_9","GER_071_MZB_LO_9-18.04.2019","18.04.2019",2019,4,18,"Simulium ornatum",4.6
"GER_071_MZB_LO_9","GER_071_MZB_LO_9-18.04.2019","18.04.2019",2019,4,18,"Tanypodinae",2.3
"GER_071_MZB_LO_9","GER_071_MZB_LO_9-18.04.2019","18.04.2019",2019,4,18,"Tanytarsini",22.9
"GER_071_MZB_LO_9","GER_071_MZB_LO_9-18.04.2019","18.04.2019",2019,4,18,"Turbellaria",6.9
"GER_071_MZB_LO_9","GER_071_MZB_LO_9-24.03.2020","24.03.2020",2020,3,24,"Anisus vortex",14.4
"GER_071_MZB_LO_9","GER_071_MZB_LO_9-24.03.2020","24.03.2020",2020,3,24,"Asellus aquaticus",47.2
"GER_071_MZB_LO_9","GER_071_MZB_LO_9-24.03.2020","24.03.2020",2020,3,24,"Chironomidae",6.4
"GER_071_MZB_LO_9","GER_071_MZB_LO_9-24.03.2020","24.03.2020",2020,3,24,"Corixidae",0.8
"GER_071_MZB_LO_9","GER_071_MZB_LO_9-24.03.2020","24.03.2020",2020,3,24,"Dicranota",3.2
"GER_071_MZB_LO_9","GER_071_MZB_LO_9-24.03.2020","24.03.2020",2020,3,24,"Eloeophila",16
"GER_071_MZB_LO_9","GER_071_MZB_LO_9-24.03.2020","24.03.2020",2020,3,24,"Ephemera danica",8
"GER_071_MZB_LO_9","GER_071_MZB_LO_9-24.03.2020","24.03.2020",2020,3,24,"Erpobdella nigricollis",3.2
"GER_071_MZB_LO_9","GER_071_MZB_LO_9-24.03.2020","24.03.2020",2020,3,24,"Gammarus",179.2
"GER_071_MZB_LO_9","GER_071_MZB_LO_9-24.03.2020","24.03.2020",2020,3,24,"Gammarus pulex",25.6
"GER_071_MZB_LO_9","GER_071_MZB_LO_9-24.03.2020","24.03.2020",2020,3,24,"Heptagenia sulphurea",21.6
"GER_071_MZB_LO_9","GER_071_MZB_LO_9-24.03.2020","24.03.2020",2020,3,24,"Hydropsyche pellucidula",1.6
"GER_071_MZB_LO_9","GER_071_MZB_LO_9-24.03.2020","24.03.2020",2020,3,24,"Hydropsyche siltalai",3.2
"GER_071_MZB_LO_9","GER_071_MZB_LO_9-24.03.2020","24.03.2020",2020,3,24,"Kageronia fuscogrisea",26.4
"GER_071_MZB_LO_9","GER_071_MZB_LO_9-24.03.2020","24.03.2020",2020,3,24,"Leptophlebia submarginata",0.8
"GER_071_MZB_LO_9","GER_071_MZB_LO_9-24.03.2020","24.03.2020",2020,3,24,"Leptophlebiidae",11.2
"GER_071_MZB_LO_9","GER_071_MZB_LO_9-24.03.2020","24.03.2020",2020,3,24,"Limnephilidae",20.8
"GER_071_MZB_LO_9","GER_071_MZB_LO_9-24.03.2020","24.03.2020",2020,3,24,"Notidobia ciliaris",1.6
"GER_071_MZB_LO_9","GER_071_MZB_LO_9-24.03.2020","24.03.2020",2020,3,24,"Orectochilus villosus",0.8
"GER_071_MZB_LO_9","GER_071_MZB_LO_9-24.03.2020","24.03.2020",2020,3,24,"Oreodytes",0.8
"GER_071_MZB_LO_9","GER_071_MZB_LO_9-24.03.2020","24.03.2020",2020,3,24,"Pisidium",36.8
"GER_071_MZB_LO_9","GER_071_MZB_LO_9-24.03.2020","24.03.2020",2020,3,24,"Pisidium amnicum",4
"GER_071_MZB_LO_9","GER_071_MZB_LO_9-24.03.2020","24.03.2020",2020,3,24,"Ptychoptera",3.2
"GER_071_MZB_LO_9","GER_071_MZB_LO_9-24.03.2020","24.03.2020",2020,3,24,"Radix balthica",4.8
"GER_071_MZB_LO_9","GER_071_MZB_LO_9-24.03.2020","24.03.2020",2020,3,24,"Simulium",21.6
"GER_071_MZB_LO_9","GER_071_MZB_LO_9-24.03.2020","24.03.2020",2020,3,24,"Sphaerium corneum",4.8
"GER_071_MZB_LO_9","GER_071_MZB_LO_9-24.03.2020","24.03.2020",2020,3,24,"Stagnicola",3.2
"GER_071_MZB_LO_9","GER_071_MZB_LO_9-24.03.2020","24.03.2020",2020,3,24,"Tanypodinae",6.4
