"Site.ID","Sample.ID","Sampling.date","Taxon.name","Taxon.ID","Abundance","Definition.of.abundance.class","Abundance.class","Site_ID_Ellen"
"IT_Macro_008","IT_Macro_008_24.06.2009","24.06.2009","ASELLIDAE",NA,14,NA,NA,NA
"IT_Macro_008","IT_Macro_008_24.06.2009","24.06.2009","BAETIDAE",NA,112,NA,NA,NA
"IT_Macro_008","IT_Macro_008_24.06.2009","24.06.2009","CAENIDAE",NA,352,NA,NA,NA
"IT_Macro_008","IT_Macro_008_24.06.2009","24.06.2009","CHIRONOMIDAE",NA,48,NA,NA,NA
"IT_Macro_008","IT_Macro_008_24.06.2009","24.06.2009","DUGESIIDAE",NA,2,NA,NA,NA
"IT_Macro_008","IT_Macro_008_24.06.2009","24.06.2009","EPHEMERELLIDAE",NA,22,NA,NA,NA
"IT_Macro_008","IT_Macro_008_24.06.2009","24.06.2009","ERPOBDELLIDAE",NA,6,NA,NA,NA
"IT_Macro_008","IT_Macro_008_24.06.2009","24.06.2009","HYDROPSYCHIDAE",NA,60,NA,NA,NA
"IT_Macro_008","IT_Macro_008_24.06.2009","24.06.2009","LEPTOPHLEBIIDAE",NA,10,NA,NA,NA
"IT_Macro_008","IT_Macro_008_24.06.2009","24.06.2009","LUMBRICIDAE",NA,16,NA,NA,NA
"IT_Macro_008","IT_Macro_008_24.06.2009","24.06.2009","NAIDIDAE",NA,8,NA,NA,NA
"IT_Macro_008","IT_Macro_008_24.06.2009","24.06.2009","RHYACOPHILIDAE",NA,8,NA,NA,NA
"IT_Macro_008","IT_Macro_008_24.06.2009","24.06.2009","TUBIFICIDAE",NA,16,NA,NA,NA
"IT_Macro_008","IT_Macro_008_05.06.2012","05.06.2012","BAETIDAE",NA,270,NA,NA,NA
"IT_Macro_008","IT_Macro_008_05.06.2012","05.06.2012","CAENIDAE",NA,136,NA,NA,NA
"IT_Macro_008","IT_Macro_008_05.06.2012","05.06.2012","CERATOPOGONIDAE",NA,4,NA,NA,NA
"IT_Macro_008","IT_Macro_008_05.06.2012","05.06.2012","CHIRONOMIDAE",NA,240,NA,NA,NA
"IT_Macro_008","IT_Macro_008_05.06.2012","05.06.2012","EPHEMERELLIDAE",NA,8,NA,NA,NA
"IT_Macro_008","IT_Macro_008_05.06.2012","05.06.2012","LUMBRICIDAE",NA,16,NA,NA,NA
"IT_Macro_008","IT_Macro_008_05.06.2012","05.06.2012","SCIRTIDAE",NA,2,NA,NA,NA
"IT_Macro_008","IT_Macro_008_05.06.2012","05.06.2012","SIMULIIDAE",NA,560,NA,NA,NA
"IT_Macro_008","IT_Macro_008_05.06.2012","05.06.2012","TUBIFICIDAE",NA,4,NA,NA,NA
"IT_Macro_008","IT_Macro_008_28.06.2013","28.06.2013","BAETIDAE",NA,2716,NA,NA,NA
"IT_Macro_008","IT_Macro_008_28.06.2013","28.06.2013","BERAEIDAE",NA,2,NA,NA,NA
"IT_Macro_008","IT_Macro_008_28.06.2013","28.06.2013","CAENIDAE",NA,130,NA,NA,NA
"IT_Macro_008","IT_Macro_008_28.06.2013","28.06.2013","CERATOPOGONIDAE",NA,8,NA,NA,NA
"IT_Macro_008","IT_Macro_008_28.06.2013","28.06.2013","CHIRONOMIDAE",NA,1042,NA,NA,NA
"IT_Macro_008","IT_Macro_008_28.06.2013","28.06.2013","ERPOBDELLIDAE",NA,6,NA,NA,NA
"IT_Macro_008","IT_Macro_008_28.06.2013","28.06.2013","GOMPHIDAE",NA,2,NA,NA,NA
"IT_Macro_008","IT_Macro_008_28.06.2013","28.06.2013","HYDRACARINA",NA,24,NA,NA,NA
"IT_Macro_008","IT_Macro_008_28.06.2013","28.06.2013","HYDROPSYCHIDAE",NA,2,NA,NA,NA
"IT_Macro_008","IT_Macro_008_28.06.2013","28.06.2013","LEPTOPHLEBIIDAE",NA,16,NA,NA,NA
"IT_Macro_008","IT_Macro_008_28.06.2013","28.06.2013","LUMBRICIDAE",NA,6,NA,NA,NA
"IT_Macro_008","IT_Macro_008_28.06.2013","28.06.2013","LUMBRICULIDAE",NA,4,NA,NA,NA
"IT_Macro_008","IT_Macro_008_28.06.2013","28.06.2013","NAIDIDAE",NA,10,NA,NA,NA
"IT_Macro_008","IT_Macro_008_28.06.2013","28.06.2013","PHYSIDAE",NA,2,NA,NA,NA
"IT_Macro_008","IT_Macro_008_28.06.2013","28.06.2013","RHYACOPHILIDAE",NA,18,NA,NA,NA
"IT_Macro_008","IT_Macro_008_28.06.2013","28.06.2013","SIMULIIDAE",NA,1488,NA,NA,NA
"IT_Macro_008","IT_Macro_008_28.06.2013","28.06.2013","TUBIFICIDAE",NA,12,NA,NA,NA
"IT_Macro_008","IT_Macro_008_23.06.2014","23.06.2014","BAETIDAE",NA,448,NA,NA,NA
"IT_Macro_008","IT_Macro_008_23.06.2014","23.06.2014","CAENIDAE",NA,262,NA,NA,NA
"IT_Macro_008","IT_Macro_008_23.06.2014","23.06.2014","CHIRONOMIDAE",NA,692,NA,NA,NA
"IT_Macro_008","IT_Macro_008_23.06.2014","23.06.2014","EPHEMERELLIDAE",NA,10,NA,NA,NA
"IT_Macro_008","IT_Macro_008_23.06.2014","23.06.2014","HYDRACARINA",NA,572,NA,NA,NA
"IT_Macro_008","IT_Macro_008_23.06.2014","23.06.2014","HYDROPSYCHIDAE",NA,10,NA,NA,NA
"IT_Macro_008","IT_Macro_008_23.06.2014","23.06.2014","HYDROPTILIDAE",NA,84,NA,NA,NA
"IT_Macro_008","IT_Macro_008_23.06.2014","23.06.2014","NAIDIDAE",NA,2,NA,NA,NA
"IT_Macro_008","IT_Macro_008_23.06.2014","23.06.2014","RHYACOPHILIDAE",NA,12,NA,NA,NA
"IT_Macro_008","IT_Macro_008_23.06.2014","23.06.2014","SIMULIIDAE",NA,12,NA,NA,NA
"IT_Macro_008","IT_Macro_008_23.06.2014","23.06.2014","TUBIFICIDAE",NA,14,NA,NA,NA
"IT_Macro_008","IT_Macro_008_15.06.2015","15.06.2015","ANTHOMYIIDAE",NA,6,NA,NA,NA
"IT_Macro_008","IT_Macro_008_15.06.2015","15.06.2015","ASELLIDAE",NA,4,NA,NA,NA
"IT_Macro_008","IT_Macro_008_15.06.2015","15.06.2015","BAETIDAE",NA,72,NA,NA,NA
"IT_Macro_008","IT_Macro_008_15.06.2015","15.06.2015","CAENIDAE",NA,22,NA,NA,NA
"IT_Macro_008","IT_Macro_008_15.06.2015","15.06.2015","CHIRONOMIDAE",NA,344,NA,NA,NA
"IT_Macro_008","IT_Macro_008_15.06.2015","15.06.2015","DYTISCIDAE",NA,2,NA,NA,NA
"IT_Macro_008","IT_Macro_008_15.06.2015","15.06.2015","EMPIDIDAE",NA,2,NA,NA,NA
"IT_Macro_008","IT_Macro_008_15.06.2015","15.06.2015","EPHEMERELLIDAE",NA,10,NA,NA,NA
"IT_Macro_008","IT_Macro_008_15.06.2015","15.06.2015","ERPOBDELLIDAE",NA,6,NA,NA,NA
"IT_Macro_008","IT_Macro_008_15.06.2015","15.06.2015","HYDRACARINA",NA,210,NA,NA,NA
"IT_Macro_008","IT_Macro_008_15.06.2015","15.06.2015","HYDROPTILIDAE",NA,2,NA,NA,NA
"IT_Macro_008","IT_Macro_008_15.06.2015","15.06.2015","LEUCTRIDAE",NA,2,NA,NA,NA
"IT_Macro_008","IT_Macro_008_15.06.2015","15.06.2015","LUMBRICIDAE",NA,4,NA,NA,NA
"IT_Macro_008","IT_Macro_008_15.06.2015","15.06.2015","LUMBRICULIDAE",NA,2,NA,NA,NA
"IT_Macro_008","IT_Macro_008_15.06.2015","15.06.2015","NAIDIDAE",NA,36,NA,NA,NA
"IT_Macro_008","IT_Macro_008_15.06.2015","15.06.2015","PHYSIDAE",NA,4,NA,NA,NA
"IT_Macro_008","IT_Macro_008_15.06.2015","15.06.2015","PSYCHODIDAE",NA,6,NA,NA,NA
"IT_Macro_008","IT_Macro_008_15.06.2015","15.06.2015","RHYACOPHILIDAE",NA,2,NA,NA,NA
"IT_Macro_008","IT_Macro_008_15.06.2015","15.06.2015","SIMULIIDAE",NA,74,NA,NA,NA
"IT_Macro_008","IT_Macro_008_15.06.2015","15.06.2015","TUBIFICIDAE",NA,4,NA,NA,NA
"IT_Macro_008","IT_Macro_008_27.06.2018","27.06.2018","ASELLIDAE",NA,12,NA,NA,NA
"IT_Macro_008","IT_Macro_008_27.06.2018","27.06.2018","BAETIDAE",NA,282,NA,NA,NA
"IT_Macro_008","IT_Macro_008_27.06.2018","27.06.2018","CAENIDAE",NA,284,NA,NA,NA
"IT_Macro_008","IT_Macro_008_27.06.2018","27.06.2018","CHIRONOMIDAE",NA,66,NA,NA,NA
"IT_Macro_008","IT_Macro_008_27.06.2018","27.06.2018","EPHEMERELLIDAE",NA,14,NA,NA,NA
"IT_Macro_008","IT_Macro_008_27.06.2018","27.06.2018","ERPOBDELLIDAE",NA,10,NA,NA,NA
"IT_Macro_008","IT_Macro_008_27.06.2018","27.06.2018","GOMPHIDAE",NA,6,NA,NA,NA
"IT_Macro_008","IT_Macro_008_27.06.2018","27.06.2018","HYDRACARINA",NA,258,NA,NA,NA
"IT_Macro_008","IT_Macro_008_27.06.2018","27.06.2018","HYDROPSYCHIDAE",NA,12,NA,NA,NA
"IT_Macro_008","IT_Macro_008_27.06.2018","27.06.2018","HYDROPTILIDAE",NA,4,NA,NA,NA
"IT_Macro_008","IT_Macro_008_27.06.2018","27.06.2018","LEPIDOSTOMATIDAE",NA,6,NA,NA,NA
"IT_Macro_008","IT_Macro_008_27.06.2018","27.06.2018","LEPTOCERIDAE",NA,2,NA,NA,NA
"IT_Macro_008","IT_Macro_008_27.06.2018","27.06.2018","LUMBRICIDAE",NA,12,NA,NA,NA
"IT_Macro_008","IT_Macro_008_27.06.2018","27.06.2018","RHYACOPHILIDAE",NA,24,NA,NA,NA
"IT_Macro_008","IT_Macro_008_27.06.2018","27.06.2018","SIMULIIDAE",NA,36,NA,NA,NA
"IT_Macro_008","IT_Macro_008_27.06.2018","27.06.2018","TIPULIDAE",NA,2,NA,NA,NA
"IT_Macro_008","IT_Macro_008_27.06.2018","27.06.2018","TUBIFICIDAE",NA,12,NA,NA,NA
"IT_Macro_009","IT_Macro_009_23.03.2010","23.03.2010","BAETIDAE",NA,2,NA,NA,NA
"IT_Macro_009","IT_Macro_009_23.03.2010","23.03.2010","CERATOPOGONIDAE",NA,2,NA,NA,NA
"IT_Macro_009","IT_Macro_009_23.03.2010","23.03.2010","CHIRONOMIDAE",NA,706,NA,NA,NA
"IT_Macro_009","IT_Macro_009_23.03.2010","23.03.2010","HYDROPSYCHIDAE",NA,4,NA,NA,NA
"IT_Macro_009","IT_Macro_009_23.03.2010","23.03.2010","NAIDIDAE",NA,26,NA,NA,NA
"IT_Macro_009","IT_Macro_009_23.03.2010","23.03.2010","TUBIFICIDAE",NA,106,NA,NA,NA
"IT_Macro_009","IT_Macro_009_15.03.2012","15.03.2012","ANTHOMYIIDAE",NA,2,NA,NA,NA
"IT_Macro_009","IT_Macro_009_15.03.2012","15.03.2012","CAENIDAE",NA,18,NA,NA,NA
"IT_Macro_009","IT_Macro_009_15.03.2012","15.03.2012","CHIRONOMIDAE",NA,600,NA,NA,NA
"IT_Macro_009","IT_Macro_009_15.03.2012","15.03.2012","HYDROPSYCHIDAE",NA,240,NA,NA,NA
"IT_Macro_009","IT_Macro_009_15.03.2012","15.03.2012","TUBIFICIDAE",NA,2,NA,NA,NA
"IT_Macro_009","IT_Macro_009_20.03.2013","20.03.2013","BAETIDAE",NA,164,NA,NA,NA
"IT_Macro_009","IT_Macro_009_20.03.2013","20.03.2013","CAENIDAE",NA,2,NA,NA,NA
"IT_Macro_009","IT_Macro_009_20.03.2013","20.03.2013","CHIRONOMIDAE",NA,80,NA,NA,NA
"IT_Macro_009","IT_Macro_009_20.03.2013","20.03.2013","ENCHYTRAEIDAE",NA,2,NA,NA,NA
"IT_Macro_009","IT_Macro_009_20.03.2013","20.03.2013","HELICOPSYCHIDAE",NA,4,NA,NA,NA
"IT_Macro_009","IT_Macro_009_20.03.2013","20.03.2013","HYDRACARINA",NA,8,NA,NA,NA
"IT_Macro_009","IT_Macro_009_20.03.2013","20.03.2013","LUMBRICIDAE",NA,6,NA,NA,NA
"IT_Macro_009","IT_Macro_009_20.03.2013","20.03.2013","LYMNAEIDAE",NA,2,NA,NA,NA
"IT_Macro_009","IT_Macro_009_20.03.2013","20.03.2013","NAIDIDAE",NA,18,NA,NA,NA
"IT_Macro_009","IT_Macro_009_20.03.2013","20.03.2013","SIMULIIDAE",NA,28,NA,NA,NA
"IT_Macro_009","IT_Macro_009_20.03.2013","20.03.2013","TUBIFICIDAE",NA,98,NA,NA,NA
"IT_Macro_009","IT_Macro_009_06.03.2015","06.03.2015","BAETIDAE",NA,726,NA,NA,NA
"IT_Macro_009","IT_Macro_009_06.03.2015","06.03.2015","CAENIDAE",NA,2,NA,NA,NA
"IT_Macro_009","IT_Macro_009_06.03.2015","06.03.2015","CHIRONOMIDAE",NA,150,NA,NA,NA
"IT_Macro_009","IT_Macro_009_06.03.2015","06.03.2015","HYDRACARINA",NA,6,NA,NA,NA
"IT_Macro_009","IT_Macro_009_06.03.2015","06.03.2015","SIMULIIDAE",NA,190,NA,NA,NA
"IT_Macro_009","IT_Macro_009_06.03.2015","06.03.2015","TABANIDAE",NA,2,NA,NA,NA
"IT_Macro_009","IT_Macro_009_06.03.2015","06.03.2015","TUBIFICIDAE",NA,2,NA,NA,NA
"IT_Macro_009","IT_Macro_009_21.02.2018","21.02.2018","ASELLIDAE",NA,4,NA,NA,NA
"IT_Macro_009","IT_Macro_009_21.02.2018","21.02.2018","BAETIDAE",NA,28,NA,NA,NA
"IT_Macro_009","IT_Macro_009_21.02.2018","21.02.2018","CHIRONOMIDAE",NA,328,NA,NA,NA
"IT_Macro_009","IT_Macro_009_21.02.2018","21.02.2018","HYDRACARINA",NA,18,NA,NA,NA
"IT_Macro_009","IT_Macro_009_21.02.2018","21.02.2018","HYDROPSYCHIDAE",NA,14,NA,NA,NA
"IT_Macro_009","IT_Macro_009_21.02.2018","21.02.2018","HYDROPTILIDAE",NA,14,NA,NA,NA
"IT_Macro_009","IT_Macro_009_21.02.2018","21.02.2018","PHYSIDAE",NA,2,NA,NA,NA
"IT_Macro_009","IT_Macro_009_21.02.2018","21.02.2018","SIMULIIDAE",NA,10,NA,NA,NA
"IT_Macro_011","IT_Macro_011_05.06.2009","05.06.2009","BAETIDAE",NA,276,NA,NA,NA
"IT_Macro_011","IT_Macro_011_05.06.2009","05.06.2009","CHIRONOMIDAE",NA,28,NA,NA,NA
"IT_Macro_011","IT_Macro_011_05.06.2009","05.06.2009","ELMIDAE",NA,2,NA,NA,NA
"IT_Macro_011","IT_Macro_011_05.06.2009","05.06.2009","EPHEMERELLIDAE",NA,64,NA,NA,NA
"IT_Macro_011","IT_Macro_011_05.06.2009","05.06.2009","HEPTAGENIIDAE",NA,16,NA,NA,NA
"IT_Macro_011","IT_Macro_011_05.06.2009","05.06.2009","LEPTOPHLEBIIDAE",NA,2,NA,NA,NA
"IT_Macro_011","IT_Macro_011_05.06.2009","05.06.2009","LEUCTRIDAE",NA,50,NA,NA,NA
"IT_Macro_011","IT_Macro_011_05.06.2009","05.06.2009","LUMBRICIDAE",NA,4,NA,NA,NA
"IT_Macro_011","IT_Macro_011_05.06.2009","05.06.2009","RHYACOPHILIDAE",NA,18,NA,NA,NA
"IT_Macro_011","IT_Macro_011_05.06.2009","05.06.2009","SIMULIIDAE",NA,108,NA,NA,NA
"IT_Macro_011","IT_Macro_011_05.06.2009","05.06.2009","TUBIFICIDAE",NA,4,NA,NA,NA
"IT_Macro_011","IT_Macro_011_25.06.2012","25.06.2012","BAETIDAE",NA,320,NA,NA,NA
"IT_Macro_011","IT_Macro_011_25.06.2012","25.06.2012","CHIRONOMIDAE",NA,228,NA,NA,NA
"IT_Macro_011","IT_Macro_011_25.06.2012","25.06.2012","ELMIDAE",NA,10,NA,NA,NA
"IT_Macro_011","IT_Macro_011_25.06.2012","25.06.2012","EPHEMERELLIDAE",NA,84,NA,NA,NA
"IT_Macro_011","IT_Macro_011_25.06.2012","25.06.2012","HEPTAGENIIDAE",NA,22,NA,NA,NA
"IT_Macro_011","IT_Macro_011_25.06.2012","25.06.2012","HYDRACARINA",NA,92,NA,NA,NA
"IT_Macro_011","IT_Macro_011_25.06.2012","25.06.2012","LEPTOPHLEBIIDAE",NA,2,NA,NA,NA
"IT_Macro_011","IT_Macro_011_25.06.2012","25.06.2012","LEUCTRIDAE",NA,78,NA,NA,NA
"IT_Macro_011","IT_Macro_011_25.06.2012","25.06.2012","NAIDIDAE",NA,8,NA,NA,NA
"IT_Macro_011","IT_Macro_011_25.06.2012","25.06.2012","RHYACOPHILIDAE",NA,8,NA,NA,NA
"IT_Macro_011","IT_Macro_011_25.06.2012","25.06.2012","SIMULIIDAE",NA,20,NA,NA,NA
"IT_Macro_011","IT_Macro_011_01.08.2013","01.08.2013","ANCYLIDAE",NA,46,NA,NA,NA
"IT_Macro_011","IT_Macro_011_01.08.2013","01.08.2013","ANTHOMYIIDAE",NA,2,NA,NA,NA
"IT_Macro_011","IT_Macro_011_01.08.2013","01.08.2013","ATHERICIDAE",NA,2,NA,NA,NA
"IT_Macro_011","IT_Macro_011_01.08.2013","01.08.2013","BAETIDAE",NA,1116,NA,NA,NA
"IT_Macro_011","IT_Macro_011_01.08.2013","01.08.2013","BLEPHARICERIDAE",NA,2,NA,NA,NA
"IT_Macro_011","IT_Macro_011_01.08.2013","01.08.2013","CAENIDAE",NA,8,NA,NA,NA
"IT_Macro_011","IT_Macro_011_01.08.2013","01.08.2013","CERATOPOGONIDAE",NA,4,NA,NA,NA
"IT_Macro_011","IT_Macro_011_01.08.2013","01.08.2013","CHIRONOMIDAE",NA,88,NA,NA,NA
"IT_Macro_011","IT_Macro_011_01.08.2013","01.08.2013","ELMIDAE",NA,8,NA,NA,NA
"IT_Macro_011","IT_Macro_011_01.08.2013","01.08.2013","EMPIDIDAE",NA,2,NA,NA,NA
"IT_Macro_011","IT_Macro_011_01.08.2013","01.08.2013","EPHEMERELLIDAE",NA,218,NA,NA,NA
"IT_Macro_011","IT_Macro_011_01.08.2013","01.08.2013","HEPTAGENIIDAE",NA,134,NA,NA,NA
"IT_Macro_011","IT_Macro_011_01.08.2013","01.08.2013","HYDRACARINA",NA,124,NA,NA,NA
"IT_Macro_011","IT_Macro_011_01.08.2013","01.08.2013","LEPTOPHLEBIIDAE",NA,14,NA,NA,NA
"IT_Macro_011","IT_Macro_011_01.08.2013","01.08.2013","LEUCTRIDAE",NA,608,NA,NA,NA
"IT_Macro_011","IT_Macro_011_01.08.2013","01.08.2013","LIMONIIDAE",NA,4,NA,NA,NA
"IT_Macro_011","IT_Macro_011_01.08.2013","01.08.2013","LUMBRICIDAE",NA,6,NA,NA,NA
"IT_Macro_011","IT_Macro_011_01.08.2013","01.08.2013","LUMBRICULIDAE",NA,4,NA,NA,NA
"IT_Macro_011","IT_Macro_011_01.08.2013","01.08.2013","NAIDIDAE",NA,10,NA,NA,NA
"IT_Macro_011","IT_Macro_011_01.08.2013","01.08.2013","NEMOURIDAE",NA,2,NA,NA,NA
"IT_Macro_011","IT_Macro_011_01.08.2013","01.08.2013","RHYACOPHILIDAE",NA,36,NA,NA,NA
"IT_Macro_011","IT_Macro_011_01.08.2013","01.08.2013","SIMULIIDAE",NA,320,NA,NA,NA
"IT_Macro_011","IT_Macro_011_01.08.2013","01.08.2013","TUBIFICIDAE",NA,18,NA,NA,NA
"IT_Macro_011","IT_Macro_011_24.06.2015","24.06.2015","ANCYLIDAE",NA,2,NA,NA,NA
"IT_Macro_011","IT_Macro_011_24.06.2015","24.06.2015","ATHERICIDAE",NA,2,NA,NA,NA
"IT_Macro_011","IT_Macro_011_24.06.2015","24.06.2015","BAETIDAE",NA,1168,NA,NA,NA
"IT_Macro_011","IT_Macro_011_24.06.2015","24.06.2015","BERAEIDAE",NA,2,NA,NA,NA
"IT_Macro_011","IT_Macro_011_24.06.2015","24.06.2015","CHIRONOMIDAE",NA,28,NA,NA,NA
"IT_Macro_011","IT_Macro_011_24.06.2015","24.06.2015","ELMIDAE",NA,20,NA,NA,NA
"IT_Macro_011","IT_Macro_011_24.06.2015","24.06.2015","EPHEMERELLIDAE",NA,174,NA,NA,NA
"IT_Macro_011","IT_Macro_011_24.06.2015","24.06.2015","ERPOBDELLIDAE",NA,2,NA,NA,NA
"IT_Macro_011","IT_Macro_011_24.06.2015","24.06.2015","GAMMARIDAE",NA,12,NA,NA,NA
"IT_Macro_011","IT_Macro_011_24.06.2015","24.06.2015","HEPTAGENIIDAE",NA,276,NA,NA,NA
"IT_Macro_011","IT_Macro_011_24.06.2015","24.06.2015","HYDRACARINA",NA,86,NA,NA,NA
"IT_Macro_011","IT_Macro_011_24.06.2015","24.06.2015","LEUCTRIDAE",NA,82,NA,NA,NA
"IT_Macro_011","IT_Macro_011_24.06.2015","24.06.2015","LIMONIIDAE",NA,8,NA,NA,NA
"IT_Macro_011","IT_Macro_011_24.06.2015","24.06.2015","LUMBRICIDAE",NA,10,NA,NA,NA
"IT_Macro_011","IT_Macro_011_24.06.2015","24.06.2015","LUMBRICULIDAE",NA,4,NA,NA,NA
"IT_Macro_011","IT_Macro_011_24.06.2015","24.06.2015","RHYACOPHILIDAE",NA,46,NA,NA,NA
"IT_Macro_011","IT_Macro_011_24.06.2015","24.06.2015","SIMULIIDAE",NA,38,NA,NA,NA
"IT_Macro_011","IT_Macro_011_24.06.2015","24.06.2015","TUBIFICIDAE",NA,4,NA,NA,NA
"IT_Macro_011","IT_Macro_011_04.07.2016","04.07.2016","ANCYLIDAE",NA,24,NA,NA,NA
"IT_Macro_011","IT_Macro_011_04.07.2016","04.07.2016","ATHERICIDAE",NA,2,NA,NA,NA
"IT_Macro_011","IT_Macro_011_04.07.2016","04.07.2016","BAETIDAE",NA,696,NA,NA,NA
"IT_Macro_011","IT_Macro_011_04.07.2016","04.07.2016","CHIRONOMIDAE",NA,34,NA,NA,NA
"IT_Macro_011","IT_Macro_011_04.07.2016","04.07.2016","ELMIDAE",NA,16,NA,NA,NA
"IT_Macro_011","IT_Macro_011_04.07.2016","04.07.2016","EPHEMERELLIDAE",NA,30,NA,NA,NA
"IT_Macro_011","IT_Macro_011_04.07.2016","04.07.2016","GAMMARIDAE",NA,2,NA,NA,NA
"IT_Macro_011","IT_Macro_011_04.07.2016","04.07.2016","HEPTAGENIIDAE",NA,294,NA,NA,NA
"IT_Macro_011","IT_Macro_011_04.07.2016","04.07.2016","HYDRACARINA",NA,92,NA,NA,NA
"IT_Macro_011","IT_Macro_011_04.07.2016","04.07.2016","HYDROPSYCHIDAE",NA,2,NA,NA,NA
"IT_Macro_011","IT_Macro_011_04.07.2016","04.07.2016","LEUCTRIDAE",NA,44,NA,NA,NA
"IT_Macro_011","IT_Macro_011_04.07.2016","04.07.2016","LUMBRICIDAE",NA,6,NA,NA,NA
"IT_Macro_011","IT_Macro_011_04.07.2016","04.07.2016","LUMBRICULIDAE",NA,8,NA,NA,NA
"IT_Macro_011","IT_Macro_011_04.07.2016","04.07.2016","RHYACOPHILIDAE",NA,24,NA,NA,NA
"IT_Macro_011","IT_Macro_011_04.07.2016","04.07.2016","SIMULIIDAE",NA,6,NA,NA,NA
"IT_Macro_011","IT_Macro_011_04.07.2016","04.07.2016","TUBIFICIDAE",NA,2,NA,NA,NA
"IT_Macro_012","IT_Macro_012_17.06.2009","17.06.2009","BAETIDAE",NA,100,NA,NA,NA
"IT_Macro_012","IT_Macro_012_17.06.2009","17.06.2009","CHIRONOMIDAE",NA,340,NA,NA,NA
"IT_Macro_012","IT_Macro_012_17.06.2009","17.06.2009","EPHEMERELLIDAE",NA,154,NA,NA,NA
"IT_Macro_012","IT_Macro_012_17.06.2009","17.06.2009","HEPTAGENIIDAE",NA,8,NA,NA,NA
"IT_Macro_012","IT_Macro_012_17.06.2009","17.06.2009","NAIDIDAE",NA,18,NA,NA,NA
"IT_Macro_012","IT_Macro_012_17.06.2009","17.06.2009","RHYACOPHILIDAE",NA,20,NA,NA,NA
"IT_Macro_012","IT_Macro_012_17.06.2009","17.06.2009","SIMULIIDAE",NA,202,NA,NA,NA
"IT_Macro_012","IT_Macro_012_20.07.2012","20.07.2012","CHIRONOMIDAE",NA,108,NA,NA,NA
"IT_Macro_012","IT_Macro_012_20.07.2012","20.07.2012","ELMIDAE",NA,2,NA,NA,NA
"IT_Macro_012","IT_Macro_012_20.07.2012","20.07.2012","EMPIDIDAE",NA,2,NA,NA,NA
"IT_Macro_012","IT_Macro_012_20.07.2012","20.07.2012","ERPOBDELLIDAE",NA,2,NA,NA,NA
"IT_Macro_012","IT_Macro_012_20.07.2012","20.07.2012","GAMMARIDAE",NA,8,NA,NA,NA
"IT_Macro_012","IT_Macro_012_20.07.2012","20.07.2012","HYDRACARINA",NA,22,NA,NA,NA
"IT_Macro_012","IT_Macro_012_20.07.2012","20.07.2012","HYDROPSYCHIDAE",NA,8,NA,NA,NA
"IT_Macro_012","IT_Macro_012_20.07.2012","20.07.2012","LUMBRICIDAE",NA,2,NA,NA,NA
"IT_Macro_012","IT_Macro_012_20.07.2012","20.07.2012","RHYACOPHILIDAE",NA,34,NA,NA,NA
"IT_Macro_012","IT_Macro_012_20.07.2012","20.07.2012","SIMULIIDAE",NA,16,NA,NA,NA
"IT_Macro_012","IT_Macro_012_20.07.2012","20.07.2012","TUBIFICIDAE",NA,6,NA,NA,NA
"IT_Macro_012","IT_Macro_012_22.08.2013","22.08.2013","ANCYLIDAE",NA,2,NA,NA,NA
"IT_Macro_012","IT_Macro_012_22.08.2013","22.08.2013","ANTHOMYIIDAE",NA,4,NA,NA,NA
"IT_Macro_012","IT_Macro_012_22.08.2013","22.08.2013","ASELLIDAE",NA,8,NA,NA,NA
"IT_Macro_012","IT_Macro_012_22.08.2013","22.08.2013","ATHERICIDAE",NA,2,NA,NA,NA
"IT_Macro_012","IT_Macro_012_22.08.2013","22.08.2013","BAETIDAE",NA,84,NA,NA,NA
"IT_Macro_012","IT_Macro_012_22.08.2013","22.08.2013","CAENIDAE",NA,44,NA,NA,NA
"IT_Macro_012","IT_Macro_012_22.08.2013","22.08.2013","CERATOPOGONIDAE",NA,2,NA,NA,NA
"IT_Macro_012","IT_Macro_012_22.08.2013","22.08.2013","CHIRONOMIDAE",NA,168,NA,NA,NA
"IT_Macro_012","IT_Macro_012_22.08.2013","22.08.2013","ELMIDAE",NA,4,NA,NA,NA
"IT_Macro_012","IT_Macro_012_22.08.2013","22.08.2013","EPHEMERELLIDAE",NA,222,NA,NA,NA
"IT_Macro_012","IT_Macro_012_22.08.2013","22.08.2013","ERPOBDELLIDAE",NA,2,NA,NA,NA
"IT_Macro_012","IT_Macro_012_22.08.2013","22.08.2013","GAMMARIDAE",NA,10,NA,NA,NA
"IT_Macro_012","IT_Macro_012_22.08.2013","22.08.2013","GORDIIDAE",NA,2,NA,NA,NA
"IT_Macro_012","IT_Macro_012_22.08.2013","22.08.2013","HEPTAGENIIDAE",NA,90,NA,NA,NA
"IT_Macro_012","IT_Macro_012_22.08.2013","22.08.2013","HYDRACARINA",NA,96,NA,NA,NA
"IT_Macro_012","IT_Macro_012_22.08.2013","22.08.2013","HYDROPSYCHIDAE",NA,154,NA,NA,NA
"IT_Macro_012","IT_Macro_012_22.08.2013","22.08.2013","HYDROPTILIDAE",NA,2,NA,NA,NA
"IT_Macro_012","IT_Macro_012_22.08.2013","22.08.2013","LEPIDOSTOMATIDAE",NA,2,NA,NA,NA
"IT_Macro_012","IT_Macro_012_22.08.2013","22.08.2013","LEUCTRIDAE",NA,66,NA,NA,NA
"IT_Macro_012","IT_Macro_012_22.08.2013","22.08.2013","LUMBRICIDAE",NA,10,NA,NA,NA
"IT_Macro_012","IT_Macro_012_22.08.2013","22.08.2013","LUMBRICULIDAE",NA,4,NA,NA,NA
"IT_Macro_012","IT_Macro_012_22.08.2013","22.08.2013","LYMNAEIDAE",NA,2,NA,NA,NA
"IT_Macro_012","IT_Macro_012_22.08.2013","22.08.2013","NAIDIDAE",NA,4,NA,NA,NA
"IT_Macro_012","IT_Macro_012_22.08.2013","22.08.2013","RHYACOPHILIDAE",NA,20,NA,NA,NA
"IT_Macro_012","IT_Macro_012_22.08.2013","22.08.2013","SIMULIIDAE",NA,8,NA,NA,NA
"IT_Macro_012","IT_Macro_012_22.08.2013","22.08.2013","TUBIFICIDAE",NA,8,NA,NA,NA
"IT_Macro_012","IT_Macro_012_25.05.2015","25.05.2015","ANCYLIDAE",NA,2,NA,NA,NA
"IT_Macro_012","IT_Macro_012_25.05.2015","25.05.2015","BAETIDAE",NA,1596,NA,NA,NA
"IT_Macro_012","IT_Macro_012_25.05.2015","25.05.2015","CHIRONOMIDAE",NA,452,NA,NA,NA
"IT_Macro_012","IT_Macro_012_25.05.2015","25.05.2015","EPHEMERELLIDAE",NA,112,NA,NA,NA
"IT_Macro_012","IT_Macro_012_25.05.2015","25.05.2015","GAMMARIDAE",NA,26,NA,NA,NA
"IT_Macro_012","IT_Macro_012_25.05.2015","25.05.2015","HEPTAGENIIDAE",NA,70,NA,NA,NA
"IT_Macro_012","IT_Macro_012_25.05.2015","25.05.2015","HYDRACARINA",NA,36,NA,NA,NA
"IT_Macro_012","IT_Macro_012_25.05.2015","25.05.2015","LEUCTRIDAE",NA,22,NA,NA,NA
"IT_Macro_012","IT_Macro_012_25.05.2015","25.05.2015","LIMONIIDAE",NA,2,NA,NA,NA
"IT_Macro_012","IT_Macro_012_25.05.2015","25.05.2015","LUMBRICIDAE",NA,2,NA,NA,NA
"IT_Macro_012","IT_Macro_012_25.05.2015","25.05.2015","MERMITHIDAE",NA,2,NA,NA,NA
"IT_Macro_012","IT_Macro_012_25.05.2015","25.05.2015","NAIDIDAE",NA,4,NA,NA,NA
"IT_Macro_012","IT_Macro_012_25.05.2015","25.05.2015","RHYACOPHILIDAE",NA,38,NA,NA,NA
"IT_Macro_012","IT_Macro_012_25.05.2015","25.05.2015","SIMULIIDAE",NA,226,NA,NA,NA
"IT_Macro_012","IT_Macro_012_25.05.2015","25.05.2015","TUBIFICIDAE",NA,12,NA,NA,NA
"IT_Macro_012","IT_Macro_012_12.07.2018","12.07.2018","BAETIDAE",NA,572,NA,NA,NA
"IT_Macro_012","IT_Macro_012_12.07.2018","12.07.2018","CHIRONOMIDAE",NA,158,NA,NA,NA
"IT_Macro_012","IT_Macro_012_12.07.2018","12.07.2018","ELMIDAE",NA,4,NA,NA,NA
"IT_Macro_012","IT_Macro_012_12.07.2018","12.07.2018","EPHEMERELLIDAE",NA,82,NA,NA,NA
"IT_Macro_012","IT_Macro_012_12.07.2018","12.07.2018","GAMMARIDAE",NA,36,NA,NA,NA
"IT_Macro_012","IT_Macro_012_12.07.2018","12.07.2018","HEPTAGENIIDAE",NA,20,NA,NA,NA
"IT_Macro_012","IT_Macro_012_12.07.2018","12.07.2018","HYDRACARINA",NA,46,NA,NA,NA
"IT_Macro_012","IT_Macro_012_12.07.2018","12.07.2018","HYDROPSYCHIDAE",NA,30,NA,NA,NA
"IT_Macro_012","IT_Macro_012_12.07.2018","12.07.2018","PHYSIDAE",NA,2,NA,NA,NA
"IT_Macro_012","IT_Macro_012_12.07.2018","12.07.2018","RHYACOPHILIDAE",NA,70,NA,NA,NA
"IT_Macro_012","IT_Macro_012_12.07.2018","12.07.2018","SIMULIIDAE",NA,176,NA,NA,NA
"IT_Macro_012","IT_Macro_012_12.07.2018","12.07.2018","TIPULIDAE",NA,2,NA,NA,NA
"IT_Macro_014","IT_Macro_014_24.04.2009","24.04.2009","ASELLIDAE",NA,62,NA,NA,NA
"IT_Macro_014","IT_Macro_014_24.04.2009","24.04.2009","BAETIDAE",NA,6,NA,NA,NA
"IT_Macro_014","IT_Macro_014_24.04.2009","24.04.2009","CHIRONOMIDAE",NA,400,NA,NA,NA
"IT_Macro_014","IT_Macro_014_24.04.2009","24.04.2009","DUGESIIDAE",NA,2,NA,NA,NA
"IT_Macro_014","IT_Macro_014_24.04.2009","24.04.2009","ERPOBDELLIDAE",NA,10,NA,NA,NA
"IT_Macro_014","IT_Macro_014_24.04.2009","24.04.2009","GLOSSIPHONIIDAE",NA,4,NA,NA,NA
"IT_Macro_014","IT_Macro_014_24.04.2009","24.04.2009","TUBIFICIDAE",NA,10,NA,NA,NA
"IT_Macro_014","IT_Macro_014_08.03.2012","08.03.2012","ASELLIDAE",NA,280,NA,NA,NA
"IT_Macro_014","IT_Macro_014_08.03.2012","08.03.2012","BAETIDAE",NA,2,NA,NA,NA
"IT_Macro_014","IT_Macro_014_08.03.2012","08.03.2012","CAENIDAE",NA,2,NA,NA,NA
"IT_Macro_014","IT_Macro_014_08.03.2012","08.03.2012","CHIRONOMIDAE",NA,444,NA,NA,NA
"IT_Macro_014","IT_Macro_014_08.03.2012","08.03.2012","DUGESIIDAE",NA,4,NA,NA,NA
"IT_Macro_014","IT_Macro_014_08.03.2012","08.03.2012","ERPOBDELLIDAE",NA,38,NA,NA,NA
"IT_Macro_014","IT_Macro_014_08.03.2012","08.03.2012","HYDRACARINA",NA,44,NA,NA,NA
"IT_Macro_014","IT_Macro_014_08.03.2012","08.03.2012","LUMBRICIDAE",NA,6,NA,NA,NA
"IT_Macro_014","IT_Macro_014_08.03.2012","08.03.2012","LUMBRICULIDAE",NA,4,NA,NA,NA
"IT_Macro_014","IT_Macro_014_08.03.2012","08.03.2012","NAIDIDAE",NA,18,NA,NA,NA
"IT_Macro_014","IT_Macro_014_08.03.2012","08.03.2012","PLANARIIDAE",NA,58,NA,NA,NA
"IT_Macro_014","IT_Macro_014_08.03.2012","08.03.2012","TUBIFICIDAE",NA,26,NA,NA,NA
"IT_Macro_014","IT_Macro_014_08.03.2012","08.03.2012","VALVATIDAE",NA,2,NA,NA,NA
"IT_Macro_014","IT_Macro_014_11.03.2013","11.03.2013","ANTHOMYIIDAE",NA,6,NA,NA,NA
"IT_Macro_014","IT_Macro_014_11.03.2013","11.03.2013","ASELLIDAE",NA,2236,NA,NA,NA
"IT_Macro_014","IT_Macro_014_11.03.2013","11.03.2013","BAETIDAE",NA,8,NA,NA,NA
"IT_Macro_014","IT_Macro_014_11.03.2013","11.03.2013","CHIRONOMIDAE",NA,38,NA,NA,NA
"IT_Macro_014","IT_Macro_014_11.03.2013","11.03.2013","ERPOBDELLIDAE",NA,224,NA,NA,NA
"IT_Macro_014","IT_Macro_014_11.03.2013","11.03.2013","GLOSSIPHONIIDAE",NA,18,NA,NA,NA
"IT_Macro_014","IT_Macro_014_11.03.2013","11.03.2013","HYDROPSYCHIDAE",NA,4,NA,NA,NA
"IT_Macro_014","IT_Macro_014_11.03.2013","11.03.2013","LUMBRICIDAE",NA,248,NA,NA,NA
"IT_Macro_014","IT_Macro_014_11.03.2013","11.03.2013","LUMBRICULIDAE",NA,14,NA,NA,NA
"IT_Macro_014","IT_Macro_014_11.03.2013","11.03.2013","MERMITHIDAE",NA,4,NA,NA,NA
"IT_Macro_014","IT_Macro_014_11.03.2013","11.03.2013","NAIDIDAE",NA,4,NA,NA,NA
"IT_Macro_014","IT_Macro_014_11.03.2013","11.03.2013","SIMULIIDAE",NA,4,NA,NA,NA
"IT_Macro_014","IT_Macro_014_11.03.2013","11.03.2013","SPHAERIIDAE",NA,6,NA,NA,NA
"IT_Macro_014","IT_Macro_014_11.03.2013","11.03.2013","TUBIFICIDAE",NA,22,NA,NA,NA
"IT_Macro_014","IT_Macro_014_29.02.2016","29.02.2016","ASELLIDAE",NA,20,NA,NA,NA
"IT_Macro_014","IT_Macro_014_29.02.2016","29.02.2016","BAETIDAE",NA,444,NA,NA,NA
"IT_Macro_014","IT_Macro_014_29.02.2016","29.02.2016","CERATOPOGONIDAE",NA,32,NA,NA,NA
"IT_Macro_014","IT_Macro_014_29.02.2016","29.02.2016","CHIRONOMIDAE",NA,268,NA,NA,NA
"IT_Macro_014","IT_Macro_014_29.02.2016","29.02.2016","EMPIDIDAE",NA,4,NA,NA,NA
"IT_Macro_014","IT_Macro_014_29.02.2016","29.02.2016","EPHEMERELLIDAE",NA,2,NA,NA,NA
"IT_Macro_014","IT_Macro_014_29.02.2016","29.02.2016","ERPOBDELLIDAE",NA,14,NA,NA,NA
"IT_Macro_014","IT_Macro_014_29.02.2016","29.02.2016","HYDRACARINA",NA,44,NA,NA,NA
"IT_Macro_014","IT_Macro_014_29.02.2016","29.02.2016","HYDROPSYCHIDAE",NA,2,NA,NA,NA
"IT_Macro_014","IT_Macro_014_29.02.2016","29.02.2016","LEPTOCERIDAE",NA,2,NA,NA,NA
"IT_Macro_014","IT_Macro_014_29.02.2016","29.02.2016","LUMBRICIDAE",NA,2,NA,NA,NA
"IT_Macro_014","IT_Macro_014_29.02.2016","29.02.2016","MERMITHIDAE",NA,2,NA,NA,NA
"IT_Macro_014","IT_Macro_014_29.02.2016","29.02.2016","RHYACOPHILIDAE",NA,2,NA,NA,NA
"IT_Macro_014","IT_Macro_014_29.02.2016","29.02.2016","SIMULIIDAE",NA,58,NA,NA,NA
"IT_Macro_014","IT_Macro_014_29.02.2016","29.02.2016","TUBIFICIDAE",NA,26,NA,NA,NA
"IT_Macro_014","IT_Macro_014_27.02.2018","27.02.2018","ASELLIDAE",NA,142,NA,NA,NA
"IT_Macro_014","IT_Macro_014_27.02.2018","27.02.2018","BAETIDAE",NA,190,NA,NA,NA
"IT_Macro_014","IT_Macro_014_27.02.2018","27.02.2018","CAENIDAE",NA,10,NA,NA,NA
"IT_Macro_014","IT_Macro_014_27.02.2018","27.02.2018","CERATOPOGONIDAE",NA,4,NA,NA,NA
"IT_Macro_014","IT_Macro_014_27.02.2018","27.02.2018","CHIRONOMIDAE",NA,400,NA,NA,NA
"IT_Macro_014","IT_Macro_014_27.02.2018","27.02.2018","EPHEMERELLIDAE",NA,4,NA,NA,NA
"IT_Macro_014","IT_Macro_014_27.02.2018","27.02.2018","ERPOBDELLIDAE",NA,22,NA,NA,NA
"IT_Macro_014","IT_Macro_014_27.02.2018","27.02.2018","HEPTAGENIIDAE",NA,4,NA,NA,NA
"IT_Macro_014","IT_Macro_014_27.02.2018","27.02.2018","HYDRACARINA",NA,34,NA,NA,NA
"IT_Macro_014","IT_Macro_014_27.02.2018","27.02.2018","LEPTOCERIDAE",NA,30,NA,NA,NA
"IT_Macro_014","IT_Macro_014_27.02.2018","27.02.2018","LUMBRICIDAE",NA,6,NA,NA,NA
"IT_Macro_014","IT_Macro_014_27.02.2018","27.02.2018","LUMBRICULIDAE",NA,2,NA,NA,NA
"IT_Macro_014","IT_Macro_014_27.02.2018","27.02.2018","RHYACOPHILIDAE",NA,14,NA,NA,NA
"IT_Macro_014","IT_Macro_014_27.02.2018","27.02.2018","SIMULIIDAE",NA,8,NA,NA,NA
"IT_Macro_014","IT_Macro_014_27.02.2018","27.02.2018","TUBIFICIDAE",NA,6,NA,NA,NA
"IT_Macro_014","IT_Macro_014_27.02.2018","27.02.2018","VALVATIDAE",NA,2,NA,NA,NA
"IT_Macro_017","IT_Macro_017_22.07.2009","22.07.2009","ASELLIDAE",NA,10,NA,NA,NA
"IT_Macro_017","IT_Macro_017_22.07.2009","22.07.2009","BAETIDAE",NA,250,NA,NA,NA
"IT_Macro_017","IT_Macro_017_22.07.2009","22.07.2009","CHIRONOMIDAE",NA,196,NA,NA,NA
"IT_Macro_017","IT_Macro_017_22.07.2009","22.07.2009","ERPOBDELLIDAE",NA,16,NA,NA,NA
"IT_Macro_017","IT_Macro_017_22.07.2009","22.07.2009","LUMBRICIDAE",NA,4,NA,NA,NA
"IT_Macro_017","IT_Macro_017_22.07.2009","22.07.2009","NAIDIDAE",NA,236,NA,NA,NA
"IT_Macro_017","IT_Macro_017_22.07.2009","22.07.2009","TUBIFICIDAE",NA,4,NA,NA,NA
"IT_Macro_017","IT_Macro_017_17.05.2011","17.05.2011","ASELLIDAE",NA,30,NA,NA,NA
"IT_Macro_017","IT_Macro_017_17.05.2011","17.05.2011","BAETIDAE",NA,188,NA,NA,NA
"IT_Macro_017","IT_Macro_017_17.05.2011","17.05.2011","CAENIDAE",NA,10,NA,NA,NA
"IT_Macro_017","IT_Macro_017_17.05.2011","17.05.2011","CERATOPOGONIDAE",NA,2,NA,NA,NA
"IT_Macro_017","IT_Macro_017_17.05.2011","17.05.2011","CHIRONOMIDAE",NA,2010,NA,NA,NA
"IT_Macro_017","IT_Macro_017_17.05.2011","17.05.2011","ELMIDAE",NA,2,NA,NA,NA
"IT_Macro_017","IT_Macro_017_17.05.2011","17.05.2011","EPHEMERELLIDAE",NA,72,NA,NA,NA
"IT_Macro_017","IT_Macro_017_17.05.2011","17.05.2011","ERPOBDELLIDAE",NA,16,NA,NA,NA
"IT_Macro_017","IT_Macro_017_17.05.2011","17.05.2011","HYDROPSYCHIDAE",NA,12,NA,NA,NA
"IT_Macro_017","IT_Macro_017_17.05.2011","17.05.2011","LUMBRICIDAE",NA,22,NA,NA,NA
"IT_Macro_017","IT_Macro_017_17.05.2011","17.05.2011","NAIDIDAE",NA,98,NA,NA,NA
"IT_Macro_017","IT_Macro_017_25.06.2013","25.06.2013","ASELLIDAE",NA,8,NA,NA,NA
"IT_Macro_017","IT_Macro_017_25.06.2013","25.06.2013","BAETIDAE",NA,302,NA,NA,NA
"IT_Macro_017","IT_Macro_017_25.06.2013","25.06.2013","CAENIDAE",NA,122,NA,NA,NA
"IT_Macro_017","IT_Macro_017_25.06.2013","25.06.2013","CERATOPOGONIDAE",NA,2,NA,NA,NA
"IT_Macro_017","IT_Macro_017_25.06.2013","25.06.2013","CHIRONOMIDAE",NA,710,NA,NA,NA
"IT_Macro_017","IT_Macro_017_25.06.2013","25.06.2013","EPHEMERELLIDAE",NA,52,NA,NA,NA
"IT_Macro_017","IT_Macro_017_25.06.2013","25.06.2013","ERPOBDELLIDAE",NA,10,NA,NA,NA
"IT_Macro_017","IT_Macro_017_25.06.2013","25.06.2013","HEPTAGENIIDAE",NA,2,NA,NA,NA
"IT_Macro_017","IT_Macro_017_25.06.2013","25.06.2013","HYDROPSYCHIDAE",NA,216,NA,NA,NA
"IT_Macro_017","IT_Macro_017_25.06.2013","25.06.2013","LUMBRICIDAE",NA,6,NA,NA,NA
"IT_Macro_017","IT_Macro_017_25.06.2013","25.06.2013","NAIDIDAE",NA,174,NA,NA,NA
"IT_Macro_017","IT_Macro_017_25.06.2013","25.06.2013","SIMULIIDAE",NA,32,NA,NA,NA
"IT_Macro_017","IT_Macro_017_25.06.2013","25.06.2013","TABANIDAE",NA,2,NA,NA,NA
"IT_Macro_017","IT_Macro_017_25.06.2013","25.06.2013","TUBIFICIDAE",NA,6,NA,NA,NA
"IT_Macro_017","IT_Macro_017_03.06.2014","03.06.2014","ANCYLIDAE",NA,2,NA,NA,NA
"IT_Macro_017","IT_Macro_017_03.06.2014","03.06.2014","ASELLIDAE",NA,8,NA,NA,NA
"IT_Macro_017","IT_Macro_017_03.06.2014","03.06.2014","BAETIDAE",NA,336,NA,NA,NA
"IT_Macro_017","IT_Macro_017_03.06.2014","03.06.2014","CAENIDAE",NA,176,NA,NA,NA
"IT_Macro_017","IT_Macro_017_03.06.2014","03.06.2014","CHIRONOMIDAE",NA,216,NA,NA,NA
"IT_Macro_017","IT_Macro_017_03.06.2014","03.06.2014","DUGESIIDAE",NA,8,NA,NA,NA
"IT_Macro_017","IT_Macro_017_03.06.2014","03.06.2014","ELMIDAE",NA,8,NA,NA,NA
"IT_Macro_017","IT_Macro_017_03.06.2014","03.06.2014","EPHEMERELLIDAE",NA,182,NA,NA,NA
"IT_Macro_017","IT_Macro_017_03.06.2014","03.06.2014","ERPOBDELLIDAE",NA,16,NA,NA,NA
"IT_Macro_017","IT_Macro_017_03.06.2014","03.06.2014","HEPTAGENIIDAE",NA,28,NA,NA,NA
"IT_Macro_017","IT_Macro_017_03.06.2014","03.06.2014","HYDROBIIDAE",NA,2,NA,NA,NA
"IT_Macro_017","IT_Macro_017_03.06.2014","03.06.2014","HYDROPSYCHIDAE",NA,62,NA,NA,NA
"IT_Macro_017","IT_Macro_017_03.06.2014","03.06.2014","NAIDIDAE",NA,7,NA,NA,NA
"IT_Macro_017","IT_Macro_017_03.06.2014","03.06.2014","VALVATIDAE",NA,4,NA,NA,NA
"IT_Macro_017","IT_Macro_017_26.05.2016","26.05.2016","ANCYLIDAE",NA,24,NA,NA,NA
"IT_Macro_017","IT_Macro_017_26.05.2016","26.05.2016","ASELLIDAE",NA,352,NA,NA,NA
"IT_Macro_017","IT_Macro_017_26.05.2016","26.05.2016","BAETIDAE",NA,268,NA,NA,NA
"IT_Macro_017","IT_Macro_017_26.05.2016","26.05.2016","BITHYNIIDAE",NA,2,NA,NA,NA
"IT_Macro_017","IT_Macro_017_26.05.2016","26.05.2016","CAENIDAE",NA,404,NA,NA,NA
"IT_Macro_017","IT_Macro_017_26.05.2016","26.05.2016","CERATOPOGONIDAE",NA,4,NA,NA,NA
"IT_Macro_017","IT_Macro_017_26.05.2016","26.05.2016","CHIRONOMIDAE",NA,324,NA,NA,NA
"IT_Macro_017","IT_Macro_017_26.05.2016","26.05.2016","CORBICULIDAE",NA,2,NA,NA,NA
"IT_Macro_017","IT_Macro_017_26.05.2016","26.05.2016","DUGESIIDAE",NA,134,NA,NA,NA
"IT_Macro_017","IT_Macro_017_26.05.2016","26.05.2016","ELMIDAE",NA,2,NA,NA,NA
"IT_Macro_017","IT_Macro_017_26.05.2016","26.05.2016","EPHEMERELLIDAE",NA,180,NA,NA,NA
"IT_Macro_017","IT_Macro_017_26.05.2016","26.05.2016","ERPOBDELLIDAE",NA,84,NA,NA,NA
"IT_Macro_017","IT_Macro_017_26.05.2016","26.05.2016","GAMMARIDAE",NA,144,NA,NA,NA
"IT_Macro_017","IT_Macro_017_26.05.2016","26.05.2016","GOMPHIDAE",NA,2,NA,NA,NA
"IT_Macro_017","IT_Macro_017_26.05.2016","26.05.2016","HEPTAGENIIDAE",NA,46,NA,NA,NA
"IT_Macro_017","IT_Macro_017_26.05.2016","26.05.2016","HYDRACARINA",NA,92,NA,NA,NA
"IT_Macro_017","IT_Macro_017_26.05.2016","26.05.2016","HYDROBIIDAE",NA,3370,NA,NA,NA
"IT_Macro_017","IT_Macro_017_26.05.2016","26.05.2016","HYDROPSYCHIDAE",NA,122,NA,NA,NA
"IT_Macro_017","IT_Macro_017_26.05.2016","26.05.2016","HYDROPTILIDAE",NA,6,NA,NA,NA
"IT_Macro_017","IT_Macro_017_26.05.2016","26.05.2016","LUMBRICIDAE",NA,26,NA,NA,NA
"IT_Macro_017","IT_Macro_017_26.05.2016","26.05.2016","LUMBRICULIDAE",NA,26,NA,NA,NA
"IT_Macro_017","IT_Macro_017_26.05.2016","26.05.2016","NAIDIDAE",NA,24,NA,NA,NA
"IT_Macro_017","IT_Macro_017_26.05.2016","26.05.2016","PISCICOLIDAE",NA,6,NA,NA,NA
"IT_Macro_017","IT_Macro_017_26.05.2016","26.05.2016","TUBIFICIDAE",NA,8,NA,NA,NA
"IT_Macro_018","IT_Macro_018_17.07.2009","17.07.2009","APHELOCHEIRIDAE",NA,4,NA,NA,NA
"IT_Macro_018","IT_Macro_018_17.07.2009","17.07.2009","BAETIDAE",NA,52,NA,NA,NA
"IT_Macro_018","IT_Macro_018_17.07.2009","17.07.2009","CHIRONOMIDAE",NA,196,NA,NA,NA
"IT_Macro_018","IT_Macro_018_17.07.2009","17.07.2009","DUGESIIDAE",NA,4,NA,NA,NA
"IT_Macro_018","IT_Macro_018_17.07.2009","17.07.2009","EPHEMERELLIDAE",NA,4,NA,NA,NA
"IT_Macro_018","IT_Macro_018_17.07.2009","17.07.2009","ERPOBDELLIDAE",NA,38,NA,NA,NA
"IT_Macro_018","IT_Macro_018_17.07.2009","17.07.2009","GAMMARIDAE",NA,98,NA,NA,NA
"IT_Macro_018","IT_Macro_018_17.07.2009","17.07.2009","GLOSSIPHONIIDAE",NA,2,NA,NA,NA
"IT_Macro_018","IT_Macro_018_17.07.2009","17.07.2009","HYDROPSYCHIDAE",NA,4,NA,NA,NA
"IT_Macro_018","IT_Macro_018_17.07.2009","17.07.2009","LUMBRICIDAE",NA,2,NA,NA,NA
"IT_Macro_018","IT_Macro_018_17.07.2009","17.07.2009","PISCICOLIDAE",NA,20,NA,NA,NA
"IT_Macro_018","IT_Macro_018_17.07.2009","17.07.2009","SIMULIIDAE",NA,232,NA,NA,NA
"IT_Macro_018","IT_Macro_018_08.07.2010","08.07.2010","BAETIDAE",NA,198,NA,NA,NA
"IT_Macro_018","IT_Macro_018_08.07.2010","08.07.2010","BITHYNIIDAE",NA,4,NA,NA,NA
"IT_Macro_018","IT_Macro_018_08.07.2010","08.07.2010","CHIRONOMIDAE",NA,560,NA,NA,NA
"IT_Macro_018","IT_Macro_018_08.07.2010","08.07.2010","EPHEMERELLIDAE",NA,22,NA,NA,NA
"IT_Macro_018","IT_Macro_018_08.07.2010","08.07.2010","ERPOBDELLIDAE",NA,14,NA,NA,NA
"IT_Macro_018","IT_Macro_018_08.07.2010","08.07.2010","GAMMARIDAE",NA,134,NA,NA,NA
"IT_Macro_018","IT_Macro_018_08.07.2010","08.07.2010","HYDROPSYCHIDAE",NA,4,NA,NA,NA
"IT_Macro_018","IT_Macro_018_08.07.2010","08.07.2010","LUMBRICIDAE",NA,20,NA,NA,NA
"IT_Macro_018","IT_Macro_018_08.07.2010","08.07.2010","NAIDIDAE",NA,12,NA,NA,NA
"IT_Macro_018","IT_Macro_018_08.07.2010","08.07.2010","PISCICOLIDAE",NA,2,NA,NA,NA
"IT_Macro_018","IT_Macro_018_08.07.2010","08.07.2010","TUBIFICIDAE",NA,18,NA,NA,NA
"IT_Macro_018","IT_Macro_018_23.05.2011","23.05.2011","BAETIDAE",NA,64,NA,NA,NA
"IT_Macro_018","IT_Macro_018_23.05.2011","23.05.2011","CHIRONOMIDAE",NA,590,NA,NA,NA
"IT_Macro_018","IT_Macro_018_23.05.2011","23.05.2011","DENDROCOELIDAE",NA,2,NA,NA,NA
"IT_Macro_018","IT_Macro_018_23.05.2011","23.05.2011","DUGESIIDAE",NA,4,NA,NA,NA
"IT_Macro_018","IT_Macro_018_23.05.2011","23.05.2011","EPHEMERELLIDAE",NA,78,NA,NA,NA
"IT_Macro_018","IT_Macro_018_23.05.2011","23.05.2011","ERPOBDELLIDAE",NA,4,NA,NA,NA
"IT_Macro_018","IT_Macro_018_23.05.2011","23.05.2011","GAMMARIDAE",NA,1530,NA,NA,NA
"IT_Macro_018","IT_Macro_018_23.05.2011","23.05.2011","HYDROPSYCHIDAE",NA,24,NA,NA,NA
"IT_Macro_018","IT_Macro_018_23.05.2011","23.05.2011","LEPTOCERIDAE",NA,4,NA,NA,NA
"IT_Macro_018","IT_Macro_018_23.05.2011","23.05.2011","LUMBRICIDAE",NA,8,NA,NA,NA
"IT_Macro_018","IT_Macro_018_23.05.2011","23.05.2011","NAIDIDAE",NA,58,NA,NA,NA
"IT_Macro_018","IT_Macro_018_23.05.2011","23.05.2011","PISCICOLIDAE",NA,4,NA,NA,NA
"IT_Macro_018","IT_Macro_018_23.05.2011","23.05.2011","SIMULIIDAE",NA,4,NA,NA,NA
"IT_Macro_018","IT_Macro_018_23.05.2011","23.05.2011","TUBIFICIDAE",NA,8,NA,NA,NA
"IT_Macro_018","IT_Macro_018_05.07.2013","05.07.2013","BAETIDAE",NA,10,NA,NA,NA
"IT_Macro_018","IT_Macro_018_05.07.2013","05.07.2013","CHIRONOMIDAE",NA,232,NA,NA,NA
"IT_Macro_018","IT_Macro_018_05.07.2013","05.07.2013","ELMIDAE",NA,2,NA,NA,NA
"IT_Macro_018","IT_Macro_018_05.07.2013","05.07.2013","EPHEMERELLIDAE",NA,40,NA,NA,NA
"IT_Macro_018","IT_Macro_018_05.07.2013","05.07.2013","ERPOBDELLIDAE",NA,2,NA,NA,NA
"IT_Macro_018","IT_Macro_018_05.07.2013","05.07.2013","GAMMARIDAE",NA,350,NA,NA,NA
"IT_Macro_018","IT_Macro_018_05.07.2013","05.07.2013","GOMPHIDAE",NA,2,NA,NA,NA
"IT_Macro_018","IT_Macro_018_05.07.2013","05.07.2013","HYDROPSYCHIDAE",NA,22,NA,NA,NA
"IT_Macro_018","IT_Macro_018_05.07.2013","05.07.2013","LUMBRICIDAE",NA,12,NA,NA,NA
"IT_Macro_018","IT_Macro_018_05.07.2013","05.07.2013","LYMNAEIDAE",NA,4,NA,NA,NA
"IT_Macro_018","IT_Macro_018_05.07.2013","05.07.2013","NAIDIDAE",NA,42,NA,NA,NA
"IT_Macro_018","IT_Macro_018_05.07.2013","05.07.2013","PISCICOLIDAE",NA,4,NA,NA,NA
"IT_Macro_018","IT_Macro_018_05.07.2013","05.07.2013","TUBIFICIDAE",NA,46,NA,NA,NA
"IT_Macro_018","IT_Macro_018_09.06.2014","09.06.2014","BAETIDAE",NA,22,NA,NA,NA
"IT_Macro_018","IT_Macro_018_09.06.2014","09.06.2014","CERATOPOGONIDAE",NA,2,NA,NA,NA
"IT_Macro_018","IT_Macro_018_09.06.2014","09.06.2014","CHIRONOMIDAE",NA,28,NA,NA,NA
"IT_Macro_018","IT_Macro_018_09.06.2014","09.06.2014","CORIXIDAE",NA,2,NA,NA,NA
"IT_Macro_018","IT_Macro_018_09.06.2014","09.06.2014","DUGESIIDAE",NA,2,NA,NA,NA
"IT_Macro_018","IT_Macro_018_09.06.2014","09.06.2014","ELMIDAE",NA,8,NA,NA,NA
"IT_Macro_018","IT_Macro_018_09.06.2014","09.06.2014","EPHEMERELLIDAE",NA,3,NA,NA,NA
"IT_Macro_018","IT_Macro_018_09.06.2014","09.06.2014","GAMMARIDAE",NA,2114,NA,NA,NA
"IT_Macro_018","IT_Macro_018_09.06.2014","09.06.2014","HYDROBIIDAE",NA,28,NA,NA,NA
"IT_Macro_018","IT_Macro_018_09.06.2014","09.06.2014","HYDROPSYCHIDAE",NA,3,NA,NA,NA
"IT_Macro_018","IT_Macro_018_09.06.2014","09.06.2014","LUMBRICIDAE",NA,16,NA,NA,NA
"IT_Macro_018","IT_Macro_018_09.06.2014","09.06.2014","LUMBRICULIDAE",NA,2,NA,NA,NA
"IT_Macro_018","IT_Macro_018_09.06.2014","09.06.2014","NAIDIDAE",NA,18,NA,NA,NA
"IT_Macro_018","IT_Macro_018_09.06.2014","09.06.2014","TUBIFICIDAE",NA,24,NA,NA,NA
"IT_Macro_018","IT_Macro_018_26.05.2016","26.05.2016","ASELLIDAE",NA,2,NA,NA,NA
"IT_Macro_018","IT_Macro_018_26.05.2016","26.05.2016","BAETIDAE",NA,46,NA,NA,NA
"IT_Macro_018","IT_Macro_018_26.05.2016","26.05.2016","CAENIDAE",NA,10,NA,NA,NA
"IT_Macro_018","IT_Macro_018_26.05.2016","26.05.2016","CALOPTERYGIDAE",NA,2,NA,NA,NA
"IT_Macro_018","IT_Macro_018_26.05.2016","26.05.2016","CERATOPOGONIDAE",NA,2,NA,NA,NA
"IT_Macro_018","IT_Macro_018_26.05.2016","26.05.2016","CHIRONOMIDAE",NA,40,NA,NA,NA
"IT_Macro_018","IT_Macro_018_26.05.2016","26.05.2016","DUGESIIDAE",NA,14,NA,NA,NA
"IT_Macro_018","IT_Macro_018_26.05.2016","26.05.2016","EPHEMERELLIDAE",NA,22,NA,NA,NA
"IT_Macro_018","IT_Macro_018_26.05.2016","26.05.2016","ERPOBDELLIDAE",NA,2,NA,NA,NA
"IT_Macro_018","IT_Macro_018_26.05.2016","26.05.2016","GAMMARIDAE",NA,662,NA,NA,NA
"IT_Macro_018","IT_Macro_018_26.05.2016","26.05.2016","HYDRACARINA",NA,2,NA,NA,NA
"IT_Macro_018","IT_Macro_018_26.05.2016","26.05.2016","HYDROBIIDAE",NA,380,NA,NA,NA
"IT_Macro_018","IT_Macro_018_26.05.2016","26.05.2016","HYDROPSYCHIDAE",NA,10,NA,NA,NA
"IT_Macro_018","IT_Macro_018_26.05.2016","26.05.2016","LYMNAEIDAE",NA,2,NA,NA,NA
"IT_Macro_018","IT_Macro_018_26.05.2016","26.05.2016","NAIDIDAE",NA,148,NA,NA,NA
"IT_Macro_018","IT_Macro_018_26.05.2016","26.05.2016","PISCICOLIDAE",NA,4,NA,NA,NA
"IT_Macro_018","IT_Macro_018_26.05.2016","26.05.2016","TUBIFICIDAE",NA,74,NA,NA,NA
"IT_Macro_020","IT_Macro_020_09.04.2009","09.04.2009","ACROLOXIDAE",NA,2,NA,NA,NA
"IT_Macro_020","IT_Macro_020_09.04.2009","09.04.2009","ASELLIDAE",NA,6,NA,NA,NA
"IT_Macro_020","IT_Macro_020_09.04.2009","09.04.2009","BAETIDAE",NA,210,NA,NA,NA
"IT_Macro_020","IT_Macro_020_09.04.2009","09.04.2009","CERATOPOGONIDAE",NA,2,NA,NA,NA
"IT_Macro_020","IT_Macro_020_09.04.2009","09.04.2009","CHIRONOMIDAE",NA,484,NA,NA,NA
"IT_Macro_020","IT_Macro_020_09.04.2009","09.04.2009","DRYOPIDAE",NA,2,NA,NA,NA
"IT_Macro_020","IT_Macro_020_09.04.2009","09.04.2009","ERPOBDELLIDAE",NA,2,NA,NA,NA
"IT_Macro_020","IT_Macro_020_09.04.2009","09.04.2009","GLOSSIPHONIIDAE",NA,4,NA,NA,NA
"IT_Macro_020","IT_Macro_020_09.04.2009","09.04.2009","HAPLOTAXIDAE",NA,2,NA,NA,NA
"IT_Macro_020","IT_Macro_020_09.04.2009","09.04.2009","HEPTAGENIIDAE",NA,2,NA,NA,NA
"IT_Macro_020","IT_Macro_020_09.04.2009","09.04.2009","HYDROPSYCHIDAE",NA,100,NA,NA,NA
"IT_Macro_020","IT_Macro_020_09.04.2009","09.04.2009","HYDROPTILIDAE",NA,8,NA,NA,NA
"IT_Macro_020","IT_Macro_020_09.04.2009","09.04.2009","LUMBRICIDAE",NA,18,NA,NA,NA
"IT_Macro_020","IT_Macro_020_09.04.2009","09.04.2009","NAIDIDAE",NA,2000,NA,NA,NA
"IT_Macro_020","IT_Macro_020_09.04.2009","09.04.2009","SALIFIDAE",NA,2,NA,NA,NA
"IT_Macro_020","IT_Macro_020_09.04.2009","09.04.2009","TUBIFICIDAE",NA,1438,NA,NA,NA
"IT_Macro_020","IT_Macro_020_15.03.2010","15.03.2010","ANCYLIDAE",NA,4,NA,NA,NA
"IT_Macro_020","IT_Macro_020_15.03.2010","15.03.2010","ASELLIDAE",NA,6,NA,NA,NA
"IT_Macro_020","IT_Macro_020_15.03.2010","15.03.2010","BAETIDAE",NA,50,NA,NA,NA
"IT_Macro_020","IT_Macro_020_15.03.2010","15.03.2010","CHIRONOMIDAE",NA,204,NA,NA,NA
"IT_Macro_020","IT_Macro_020_15.03.2010","15.03.2010","ENCHYTRAEIDAE",NA,100,NA,NA,NA
"IT_Macro_020","IT_Macro_020_15.03.2010","15.03.2010","GLOSSIPHONIIDAE",NA,2,NA,NA,NA
"IT_Macro_020","IT_Macro_020_15.03.2010","15.03.2010","HYDROPSYCHIDAE",NA,176,NA,NA,NA
"IT_Macro_020","IT_Macro_020_15.03.2010","15.03.2010","LUMBRICIDAE",NA,16,NA,NA,NA
"IT_Macro_020","IT_Macro_020_15.03.2010","15.03.2010","NAIDIDAE",NA,294,NA,NA,NA
"IT_Macro_020","IT_Macro_020_15.03.2010","15.03.2010","TUBIFICIDAE",NA,68,NA,NA,NA
"IT_Macro_020","IT_Macro_020_27.03.2012","27.03.2012","ASELLIDAE",NA,18,NA,NA,NA
"IT_Macro_020","IT_Macro_020_27.03.2012","27.03.2012","BAETIDAE",NA,142,NA,NA,NA
"IT_Macro_020","IT_Macro_020_27.03.2012","27.03.2012","CALOPTERYGIDAE",NA,6,NA,NA,NA
"IT_Macro_020","IT_Macro_020_27.03.2012","27.03.2012","CHIRONOMIDAE",NA,1136,NA,NA,NA
"IT_Macro_020","IT_Macro_020_27.03.2012","27.03.2012","ENCHYTRAEIDAE",NA,6,NA,NA,NA
"IT_Macro_020","IT_Macro_020_27.03.2012","27.03.2012","HYDROPSYCHIDAE",NA,190,NA,NA,NA
"IT_Macro_020","IT_Macro_020_27.03.2012","27.03.2012","LIMONIIDAE",NA,16,NA,NA,NA
"IT_Macro_020","IT_Macro_020_27.03.2012","27.03.2012","LUMBRICIDAE",NA,30,NA,NA,NA
"IT_Macro_020","IT_Macro_020_27.03.2012","27.03.2012","MERMITHIDAE",NA,4,NA,NA,NA
"IT_Macro_020","IT_Macro_020_27.03.2012","27.03.2012","NAIDIDAE",NA,94,NA,NA,NA
"IT_Macro_020","IT_Macro_020_27.03.2012","27.03.2012","SIMULIIDAE",NA,8,NA,NA,NA
"IT_Macro_020","IT_Macro_020_27.03.2012","27.03.2012","TABANIDAE",NA,6,NA,NA,NA
"IT_Macro_020","IT_Macro_020_27.03.2012","27.03.2012","TUBIFICIDAE",NA,108,NA,NA,NA
"IT_Macro_020","IT_Macro_020_05.03.2013","05.03.2013","ANCYLIDAE",NA,22,NA,NA,NA
"IT_Macro_020","IT_Macro_020_05.03.2013","05.03.2013","ASELLIDAE",NA,16,NA,NA,NA
"IT_Macro_020","IT_Macro_020_05.03.2013","05.03.2013","BAETIDAE",NA,162,NA,NA,NA
"IT_Macro_020","IT_Macro_020_05.03.2013","05.03.2013","CHIRONOMIDAE",NA,148,NA,NA,NA
"IT_Macro_020","IT_Macro_020_05.03.2013","05.03.2013","ERPOBDELLIDAE",NA,8,NA,NA,NA
"IT_Macro_020","IT_Macro_020_05.03.2013","05.03.2013","HYDRACARINA",NA,12,NA,NA,NA
"IT_Macro_020","IT_Macro_020_05.03.2013","05.03.2013","HYDROPSYCHIDAE",NA,50,NA,NA,NA
"IT_Macro_020","IT_Macro_020_05.03.2013","05.03.2013","LUMBRICIDAE",NA,118,NA,NA,NA
"IT_Macro_020","IT_Macro_020_05.03.2013","05.03.2013","MERMITHIDAE",NA,2,NA,NA,NA
"IT_Macro_020","IT_Macro_020_05.03.2013","05.03.2013","NAIDIDAE",NA,2100,NA,NA,NA
"IT_Macro_020","IT_Macro_020_05.03.2013","05.03.2013","SIMULIIDAE",NA,6,NA,NA,NA
"IT_Macro_020","IT_Macro_020_05.03.2013","05.03.2013","TUBIFICIDAE",NA,42,NA,NA,NA
"IT_Macro_020","IT_Macro_020_02.03.2016","02.03.2016","ANCYLIDAE",NA,2,NA,NA,NA
"IT_Macro_020","IT_Macro_020_02.03.2016","02.03.2016","ASELLIDAE",NA,62,NA,NA,NA
"IT_Macro_020","IT_Macro_020_02.03.2016","02.03.2016","BAETIDAE",NA,10,NA,NA,NA
"IT_Macro_020","IT_Macro_020_02.03.2016","02.03.2016","CAENIDAE",NA,14,NA,NA,NA
"IT_Macro_020","IT_Macro_020_02.03.2016","02.03.2016","CHIRONOMIDAE",NA,248,NA,NA,NA
"IT_Macro_020","IT_Macro_020_02.03.2016","02.03.2016","ENCHYTRAEIDAE",NA,6,NA,NA,NA
"IT_Macro_020","IT_Macro_020_02.03.2016","02.03.2016","ERPOBDELLIDAE",NA,2,NA,NA,NA
"IT_Macro_020","IT_Macro_020_02.03.2016","02.03.2016","GAMMARIDAE",NA,2,NA,NA,NA
"IT_Macro_020","IT_Macro_020_02.03.2016","02.03.2016","GOMPHIDAE",NA,4,NA,NA,NA
"IT_Macro_020","IT_Macro_020_02.03.2016","02.03.2016","HYDRACARINA",NA,16,NA,NA,NA
"IT_Macro_020","IT_Macro_020_02.03.2016","02.03.2016","HYDROBIIDAE",NA,4,NA,NA,NA
"IT_Macro_020","IT_Macro_020_02.03.2016","02.03.2016","HYDROPSYCHIDAE",NA,48,NA,NA,NA
"IT_Macro_020","IT_Macro_020_02.03.2016","02.03.2016","HYDROPTILIDAE",NA,4,NA,NA,NA
"IT_Macro_020","IT_Macro_020_02.03.2016","02.03.2016","LEPTOCERIDAE",NA,14,NA,NA,NA
"IT_Macro_020","IT_Macro_020_02.03.2016","02.03.2016","LIMONIIDAE",NA,10,NA,NA,NA
"IT_Macro_020","IT_Macro_020_02.03.2016","02.03.2016","LUMBRICIDAE",NA,4,NA,NA,NA
"IT_Macro_020","IT_Macro_020_02.03.2016","02.03.2016","LYMNAEIDAE",NA,4,NA,NA,NA
"IT_Macro_020","IT_Macro_020_02.03.2016","02.03.2016","NAIDIDAE",NA,12,NA,NA,NA
"IT_Macro_020","IT_Macro_020_02.03.2016","02.03.2016","PSYCHOMYIIDAE",NA,4,NA,NA,NA
"IT_Macro_020","IT_Macro_020_02.03.2016","02.03.2016","TUBIFICIDAE",NA,2,NA,NA,NA
"IT_Macro_020","IT_Macro_020_14.03.2018","14.03.2018","ACROLOXIDAE",NA,2,NA,NA,NA
"IT_Macro_020","IT_Macro_020_14.03.2018","14.03.2018","ANCYLIDAE",NA,4,NA,NA,NA
"IT_Macro_020","IT_Macro_020_14.03.2018","14.03.2018","BAETIDAE",NA,50,NA,NA,NA
"IT_Macro_020","IT_Macro_020_14.03.2018","14.03.2018","CAENIDAE",NA,108,NA,NA,NA
"IT_Macro_020","IT_Macro_020_14.03.2018","14.03.2018","CERATOPOGONIDAE",NA,4,NA,NA,NA
"IT_Macro_020","IT_Macro_020_14.03.2018","14.03.2018","CHIRONOMIDAE",NA,144,NA,NA,NA
"IT_Macro_020","IT_Macro_020_14.03.2018","14.03.2018","EMPIDIDAE",NA,2,NA,NA,NA
"IT_Macro_020","IT_Macro_020_14.03.2018","14.03.2018","GOMPHIDAE",NA,18,NA,NA,NA
"IT_Macro_020","IT_Macro_020_14.03.2018","14.03.2018","HYDRACARINA",NA,140,NA,NA,NA
"IT_Macro_020","IT_Macro_020_14.03.2018","14.03.2018","HYDROBIIDAE",NA,4,NA,NA,NA
"IT_Macro_020","IT_Macro_020_14.03.2018","14.03.2018","HYDROPSYCHIDAE",NA,52,NA,NA,NA
"IT_Macro_020","IT_Macro_020_14.03.2018","14.03.2018","HYDROPTILIDAE",NA,22,NA,NA,NA
"IT_Macro_020","IT_Macro_020_14.03.2018","14.03.2018","LEPTOCERIDAE",NA,6,NA,NA,NA
"IT_Macro_020","IT_Macro_020_14.03.2018","14.03.2018","LIMONIIDAE",NA,38,NA,NA,NA
"IT_Macro_020","IT_Macro_020_14.03.2018","14.03.2018","LUMBRICIDAE",NA,2,NA,NA,NA
"IT_Macro_020","IT_Macro_020_14.03.2018","14.03.2018","NAIDIDAE",NA,108,NA,NA,NA
"IT_Macro_020","IT_Macro_020_14.03.2018","14.03.2018","PHYSIDAE",NA,6,NA,NA,NA
"IT_Macro_020","IT_Macro_020_14.03.2018","14.03.2018","PLATYCNEMIDIDAE",NA,4,NA,NA,NA
"IT_Macro_020","IT_Macro_020_14.03.2018","14.03.2018","PSYCHOMYIIDAE",NA,12,NA,NA,NA
"IT_Macro_020","IT_Macro_020_14.03.2018","14.03.2018","TIPULIDAE",NA,2,NA,NA,NA
"IT_Macro_024","IT_Macro_024_19.03.2009","19.03.2009","ANCYLIDAE",NA,2,NA,NA,NA
"IT_Macro_024","IT_Macro_024_19.03.2009","19.03.2009","APHELOCHEIRIDAE",NA,4,NA,NA,NA
"IT_Macro_024","IT_Macro_024_19.03.2009","19.03.2009","ASELLIDAE",NA,22,NA,NA,NA
"IT_Macro_024","IT_Macro_024_19.03.2009","19.03.2009","BAETIDAE",NA,250,NA,NA,NA
"IT_Macro_024","IT_Macro_024_19.03.2009","19.03.2009","CAENIDAE",NA,38,NA,NA,NA
"IT_Macro_024","IT_Macro_024_19.03.2009","19.03.2009","CALOPTERYGIDAE",NA,2,NA,NA,NA
"IT_Macro_024","IT_Macro_024_19.03.2009","19.03.2009","CERATOPOGONIDAE",NA,2,NA,NA,NA
"IT_Macro_024","IT_Macro_024_19.03.2009","19.03.2009","CHIRONOMIDAE",NA,108,NA,NA,NA
"IT_Macro_024","IT_Macro_024_19.03.2009","19.03.2009","CORBICULIDAE",NA,2,NA,NA,NA
"IT_Macro_024","IT_Macro_024_19.03.2009","19.03.2009","DUGESIIDAE",NA,4,NA,NA,NA
"IT_Macro_024","IT_Macro_024_19.03.2009","19.03.2009","DYTISCIDAE",NA,2,NA,NA,NA
"IT_Macro_024","IT_Macro_024_19.03.2009","19.03.2009","ELMIDAE",NA,34,NA,NA,NA
"IT_Macro_024","IT_Macro_024_19.03.2009","19.03.2009","EMMERICIIDAE",NA,10,NA,NA,NA
"IT_Macro_024","IT_Macro_024_19.03.2009","19.03.2009","EPHEMERELLIDAE",NA,52,NA,NA,NA
"IT_Macro_024","IT_Macro_024_19.03.2009","19.03.2009","EPHEMERIDAE",NA,2,NA,NA,NA
"IT_Macro_024","IT_Macro_024_19.03.2009","19.03.2009","ERPOBDELLIDAE",NA,2,NA,NA,NA
"IT_Macro_024","IT_Macro_024_19.03.2009","19.03.2009","GAMMARIDAE",NA,1422,NA,NA,NA
"IT_Macro_024","IT_Macro_024_19.03.2009","19.03.2009","GLOSSIPHONIIDAE",NA,2,NA,NA,NA
"IT_Macro_024","IT_Macro_024_19.03.2009","19.03.2009","GOERIDAE",NA,48,NA,NA,NA
"IT_Macro_024","IT_Macro_024_19.03.2009","19.03.2009","HYDROBIIDAE",NA,12,NA,NA,NA
"IT_Macro_024","IT_Macro_024_19.03.2009","19.03.2009","HYDROPSYCHIDAE",NA,194,NA,NA,NA
"IT_Macro_024","IT_Macro_024_19.03.2009","19.03.2009","LEPIDOSTOMATIDAE",NA,90,NA,NA,NA
"IT_Macro_024","IT_Macro_024_19.03.2009","19.03.2009","LEPTOCERIDAE",NA,4,NA,NA,NA
"IT_Macro_024","IT_Macro_024_19.03.2009","19.03.2009","LUMBRICIDAE",NA,4,NA,NA,NA
"IT_Macro_024","IT_Macro_024_19.03.2009","19.03.2009","NAIDIDAE",NA,14,NA,NA,NA
"IT_Macro_024","IT_Macro_024_19.03.2009","19.03.2009","NERITIDAE",NA,122,NA,NA,NA
"IT_Macro_024","IT_Macro_024_19.03.2009","19.03.2009","PISCICOLIDAE",NA,4,NA,NA,NA
"IT_Macro_024","IT_Macro_024_19.03.2009","19.03.2009","SPHAERIIDAE",NA,6,NA,NA,NA
"IT_Macro_024","IT_Macro_024_19.03.2009","19.03.2009","TUBIFICIDAE",NA,36,NA,NA,NA
"IT_Macro_024","IT_Macro_024_02.04.2012","02.04.2012","ASELLIDAE",NA,4,NA,NA,NA
"IT_Macro_024","IT_Macro_024_02.04.2012","02.04.2012","BAETIDAE",NA,138,NA,NA,NA
"IT_Macro_024","IT_Macro_024_02.04.2012","02.04.2012","CAENIDAE",NA,178,NA,NA,NA
"IT_Macro_024","IT_Macro_024_02.04.2012","02.04.2012","CALOPTERYGIDAE",NA,22,NA,NA,NA
"IT_Macro_024","IT_Macro_024_02.04.2012","02.04.2012","CERATOPOGONIDAE",NA,4,NA,NA,NA
"IT_Macro_024","IT_Macro_024_02.04.2012","02.04.2012","CHIRONOMIDAE",NA,416,NA,NA,NA
"IT_Macro_024","IT_Macro_024_02.04.2012","02.04.2012","DUGESIIDAE",NA,20,NA,NA,NA
"IT_Macro_024","IT_Macro_024_02.04.2012","02.04.2012","ELMIDAE",NA,48,NA,NA,NA
"IT_Macro_024","IT_Macro_024_02.04.2012","02.04.2012","EMMERICIIDAE",NA,8,NA,NA,NA
"IT_Macro_024","IT_Macro_024_02.04.2012","02.04.2012","EPHEMERELLIDAE",NA,608,NA,NA,NA
"IT_Macro_024","IT_Macro_024_02.04.2012","02.04.2012","EPHEMERIDAE",NA,4,NA,NA,NA
"IT_Macro_024","IT_Macro_024_02.04.2012","02.04.2012","GAMMARIDAE",NA,1500,NA,NA,NA
"IT_Macro_024","IT_Macro_024_02.04.2012","02.04.2012","GOERIDAE",NA,8,NA,NA,NA
"IT_Macro_024","IT_Macro_024_02.04.2012","02.04.2012","GOMPHIDAE",NA,4,NA,NA,NA
"IT_Macro_024","IT_Macro_024_02.04.2012","02.04.2012","GYRINIDAE",NA,2,NA,NA,NA
"IT_Macro_024","IT_Macro_024_02.04.2012","02.04.2012","HEPTAGENIIDAE",NA,32,NA,NA,NA
"IT_Macro_024","IT_Macro_024_02.04.2012","02.04.2012","HYDROBIIDAE",NA,2,NA,NA,NA
"IT_Macro_024","IT_Macro_024_02.04.2012","02.04.2012","HYDROPSYCHIDAE",NA,186,NA,NA,NA
"IT_Macro_024","IT_Macro_024_02.04.2012","02.04.2012","HYDROPTILIDAE",NA,74,NA,NA,NA
"IT_Macro_024","IT_Macro_024_02.04.2012","02.04.2012","LEPIDOSTOMATIDAE",NA,226,NA,NA,NA
"IT_Macro_024","IT_Macro_024_02.04.2012","02.04.2012","LEPTOCERIDAE",NA,6,NA,NA,NA
"IT_Macro_024","IT_Macro_024_02.04.2012","02.04.2012","LIMNEPHILIDAE",NA,2,NA,NA,NA
"IT_Macro_024","IT_Macro_024_02.04.2012","02.04.2012","LUMBRICIDAE",NA,2,NA,NA,NA
"IT_Macro_024","IT_Macro_024_02.04.2012","02.04.2012","NAIDIDAE",NA,4,NA,NA,NA
"IT_Macro_024","IT_Macro_024_02.04.2012","02.04.2012","NAUCORIDAE",NA,10,NA,NA,NA
"IT_Macro_024","IT_Macro_024_02.04.2012","02.04.2012","NERITIDAE",NA,10,NA,NA,NA
"IT_Macro_024","IT_Macro_024_02.04.2012","02.04.2012","PHYSIDAE",NA,2,NA,NA,NA
"IT_Macro_024","IT_Macro_024_02.04.2012","02.04.2012","PISCICOLIDAE",NA,8,NA,NA,NA
"IT_Macro_024","IT_Macro_024_02.04.2012","02.04.2012","SIMULIIDAE",NA,148,NA,NA,NA
"IT_Macro_024","IT_Macro_024_02.04.2012","02.04.2012","TUBIFICIDAE",NA,2,NA,NA,NA
"IT_Macro_024","IT_Macro_024_13.04.2013","13.04.2013","ASELLIDAE",NA,4,NA,NA,NA
"IT_Macro_024","IT_Macro_024_13.04.2013","13.04.2013","BAETIDAE",NA,20,NA,NA,NA
"IT_Macro_024","IT_Macro_024_13.04.2013","13.04.2013","CAENIDAE",NA,76,NA,NA,NA
"IT_Macro_024","IT_Macro_024_13.04.2013","13.04.2013","CALOPTERYGIDAE",NA,14,NA,NA,NA
"IT_Macro_024","IT_Macro_024_13.04.2013","13.04.2013","CHIRONOMIDAE",NA,4,NA,NA,NA
"IT_Macro_024","IT_Macro_024_13.04.2013","13.04.2013","DUGESIIDAE",NA,26,NA,NA,NA
"IT_Macro_024","IT_Macro_024_13.04.2013","13.04.2013","ELMIDAE",NA,104,NA,NA,NA
"IT_Macro_024","IT_Macro_024_13.04.2013","13.04.2013","EPHEMERELLIDAE",NA,124,NA,NA,NA
"IT_Macro_024","IT_Macro_024_13.04.2013","13.04.2013","EPHEMERIDAE",NA,20,NA,NA,NA
"IT_Macro_024","IT_Macro_024_13.04.2013","13.04.2013","GAMMARIDAE",NA,2204,NA,NA,NA
"IT_Macro_024","IT_Macro_024_13.04.2013","13.04.2013","GOERIDAE",NA,40,NA,NA,NA
"IT_Macro_024","IT_Macro_024_13.04.2013","13.04.2013","GOMPHIDAE",NA,8,NA,NA,NA
"IT_Macro_024","IT_Macro_024_13.04.2013","13.04.2013","HYDROPSYCHIDAE",NA,106,NA,NA,NA
"IT_Macro_024","IT_Macro_024_13.04.2013","13.04.2013","HYDROPTILIDAE",NA,6,NA,NA,NA
"IT_Macro_024","IT_Macro_024_13.04.2013","13.04.2013","LEPIDOSTOMATIDAE",NA,20,NA,NA,NA
"IT_Macro_024","IT_Macro_024_13.04.2013","13.04.2013","LEPTOCERIDAE",NA,6,NA,NA,NA
"IT_Macro_024","IT_Macro_024_13.04.2013","13.04.2013","LEUCTRIDAE",NA,2,NA,NA,NA
"IT_Macro_024","IT_Macro_024_13.04.2013","13.04.2013","LIMONIIDAE",NA,2,NA,NA,NA
"IT_Macro_024","IT_Macro_024_13.04.2013","13.04.2013","NAUCORIDAE",NA,48,NA,NA,NA
"IT_Macro_024","IT_Macro_024_13.04.2013","13.04.2013","PSYCHOMYIIDAE",NA,2,NA,NA,NA
"IT_Macro_024","IT_Macro_024_13.04.2013","13.04.2013","SIMULIIDAE",NA,4,NA,NA,NA
"IT_Macro_024","IT_Macro_024_02.03.2016","02.03.2016","ANCYLIDAE",NA,2,NA,NA,NA
"IT_Macro_024","IT_Macro_024_02.03.2016","02.03.2016","APHELOCHEIRIDAE",NA,56,NA,NA,NA
"IT_Macro_024","IT_Macro_024_02.03.2016","02.03.2016","ASELLIDAE",NA,2,NA,NA,NA
"IT_Macro_024","IT_Macro_024_02.03.2016","02.03.2016","BAETIDAE",NA,156,NA,NA,NA
"IT_Macro_024","IT_Macro_024_02.03.2016","02.03.2016","CAENIDAE",NA,58,NA,NA,NA
"IT_Macro_024","IT_Macro_024_02.03.2016","02.03.2016","CALOPTERYGIDAE",NA,8,NA,NA,NA
"IT_Macro_024","IT_Macro_024_02.03.2016","02.03.2016","CERATOPOGONIDAE",NA,10,NA,NA,NA
"IT_Macro_024","IT_Macro_024_02.03.2016","02.03.2016","CHIRONOMIDAE",NA,124,NA,NA,NA
"IT_Macro_024","IT_Macro_024_02.03.2016","02.03.2016","ELMIDAE",NA,44,NA,NA,NA
"IT_Macro_024","IT_Macro_024_02.03.2016","02.03.2016","EPHEMERELLIDAE",NA,44,NA,NA,NA
"IT_Macro_024","IT_Macro_024_02.03.2016","02.03.2016","EPHEMERIDAE",NA,44,NA,NA,NA
"IT_Macro_024","IT_Macro_024_02.03.2016","02.03.2016","ERPOBDELLIDAE",NA,2,NA,NA,NA
"IT_Macro_024","IT_Macro_024_02.03.2016","02.03.2016","GAMMARIDAE",NA,4280,NA,NA,NA
"IT_Macro_024","IT_Macro_024_02.03.2016","02.03.2016","GOERIDAE",NA,92,NA,NA,NA
"IT_Macro_024","IT_Macro_024_02.03.2016","02.03.2016","HEPTAGENIIDAE",NA,10,NA,NA,NA
"IT_Macro_024","IT_Macro_024_02.03.2016","02.03.2016","HYDRACARINA",NA,122,NA,NA,NA
"IT_Macro_024","IT_Macro_024_02.03.2016","02.03.2016","HYDROBIIDAE",NA,20,NA,NA,NA
"IT_Macro_024","IT_Macro_024_02.03.2016","02.03.2016","HYDROPSYCHIDAE",NA,168,NA,NA,NA
"IT_Macro_024","IT_Macro_024_02.03.2016","02.03.2016","HYDROPTILIDAE",NA,6,NA,NA,NA
"IT_Macro_024","IT_Macro_024_02.03.2016","02.03.2016","LEPIDOSTOMATIDAE",NA,4,NA,NA,NA
"IT_Macro_024","IT_Macro_024_02.03.2016","02.03.2016","LEPTOCERIDAE",NA,56,NA,NA,NA
"IT_Macro_024","IT_Macro_024_02.03.2016","02.03.2016","LUMBRICIDAE",NA,6,NA,NA,NA
"IT_Macro_024","IT_Macro_024_02.03.2016","02.03.2016","NAIDIDAE",NA,2,NA,NA,NA
"IT_Macro_024","IT_Macro_024_02.03.2016","02.03.2016","PHYSIDAE",NA,14,NA,NA,NA
"IT_Macro_024","IT_Macro_024_02.03.2016","02.03.2016","PISCICOLIDAE",NA,2,NA,NA,NA
"IT_Macro_024","IT_Macro_024_02.03.2016","02.03.2016","PSYCHOMYIIDAE",NA,4,NA,NA,NA
"IT_Macro_024","IT_Macro_024_02.03.2016","02.03.2016","TABANIDAE",NA,12,NA,NA,NA
"IT_Macro_024","IT_Macro_024_02.03.2016","02.03.2016","TUBIFICIDAE",NA,72,NA,NA,NA
"IT_Macro_024","IT_Macro_024_15.03.2018","15.03.2018","APHELOCHEIRIDAE",NA,72,NA,NA,NA
"IT_Macro_024","IT_Macro_024_15.03.2018","15.03.2018","BAETIDAE",NA,344,NA,NA,NA
"IT_Macro_024","IT_Macro_024_15.03.2018","15.03.2018","CAENIDAE",NA,114,NA,NA,NA
"IT_Macro_024","IT_Macro_024_15.03.2018","15.03.2018","CALOPTERYGIDAE",NA,50,NA,NA,NA
"IT_Macro_024","IT_Macro_024_15.03.2018","15.03.2018","CERATOPOGONIDAE",NA,14,NA,NA,NA
"IT_Macro_024","IT_Macro_024_15.03.2018","15.03.2018","CHIRONOMIDAE",NA,128,NA,NA,NA
"IT_Macro_024","IT_Macro_024_15.03.2018","15.03.2018","COENAGRIONIDAE",NA,2,NA,NA,NA
"IT_Macro_024","IT_Macro_024_15.03.2018","15.03.2018","DUGESIIDAE",NA,2,NA,NA,NA
"IT_Macro_024","IT_Macro_024_15.03.2018","15.03.2018","ELMIDAE",NA,40,NA,NA,NA
"IT_Macro_024","IT_Macro_024_15.03.2018","15.03.2018","EPHEMERELLIDAE",NA,72,NA,NA,NA
"IT_Macro_024","IT_Macro_024_15.03.2018","15.03.2018","EPHEMERIDAE",NA,4,NA,NA,NA
"IT_Macro_024","IT_Macro_024_15.03.2018","15.03.2018","GAMMARIDAE",NA,1202,NA,NA,NA
"IT_Macro_024","IT_Macro_024_15.03.2018","15.03.2018","GOERIDAE",NA,66,NA,NA,NA
"IT_Macro_024","IT_Macro_024_15.03.2018","15.03.2018","GOMPHIDAE",NA,8,NA,NA,NA
"IT_Macro_024","IT_Macro_024_15.03.2018","15.03.2018","HEPTAGENIIDAE",NA,2,NA,NA,NA
"IT_Macro_024","IT_Macro_024_15.03.2018","15.03.2018","HYDRACARINA",NA,138,NA,NA,NA
"IT_Macro_024","IT_Macro_024_15.03.2018","15.03.2018","HYDROBIIDAE",NA,16,NA,NA,NA
"IT_Macro_024","IT_Macro_024_15.03.2018","15.03.2018","HYDROPSYCHIDAE",NA,74,NA,NA,NA
"IT_Macro_024","IT_Macro_024_15.03.2018","15.03.2018","HYDROPTILIDAE",NA,12,NA,NA,NA
"IT_Macro_024","IT_Macro_024_15.03.2018","15.03.2018","LEPTOCERIDAE",NA,2,NA,NA,NA
"IT_Macro_024","IT_Macro_024_15.03.2018","15.03.2018","PHILOPOTAMIDAE",NA,6,NA,NA,NA
"IT_Macro_024","IT_Macro_024_15.03.2018","15.03.2018","PHYSIDAE",NA,10,NA,NA,NA
"IT_Macro_024","IT_Macro_024_15.03.2018","15.03.2018","PISCICOLIDAE",NA,2,NA,NA,NA
"IT_Macro_024","IT_Macro_024_15.03.2018","15.03.2018","PLANORBIDAE",NA,4,NA,NA,NA
"IT_Macro_024","IT_Macro_024_15.03.2018","15.03.2018","SIMULIIDAE",NA,8,NA,NA,NA
"IT_Macro_024","IT_Macro_024_15.03.2018","15.03.2018","TABANIDAE",NA,2,NA,NA,NA
"IT_Macro_024","IT_Macro_024_15.03.2018","15.03.2018","TUBIFICIDAE",NA,10,NA,NA,NA
"IT_Macro_029","IT_Macro_029_12.06.2009","12.06.2009","ASELLIDAE",NA,130,NA,NA,NA
"IT_Macro_029","IT_Macro_029_12.06.2009","12.06.2009","BAETIDAE",NA,38,NA,NA,NA
"IT_Macro_029","IT_Macro_029_12.06.2009","12.06.2009","CHIRONOMIDAE",NA,790,NA,NA,NA
"IT_Macro_029","IT_Macro_029_12.06.2009","12.06.2009","DYTISCIDAE",NA,2,NA,NA,NA
"IT_Macro_029","IT_Macro_029_12.06.2009","12.06.2009","ERPOBDELLIDAE",NA,32,NA,NA,NA
"IT_Macro_029","IT_Macro_029_12.06.2009","12.06.2009","GAMMARIDAE",NA,32,NA,NA,NA
"IT_Macro_029","IT_Macro_029_12.06.2009","12.06.2009","HYDROPSYCHIDAE",NA,150,NA,NA,NA
"IT_Macro_029","IT_Macro_029_12.06.2009","12.06.2009","NAIDIDAE",NA,194,NA,NA,NA
"IT_Macro_029","IT_Macro_029_12.06.2009","12.06.2009","PHYSIDAE",NA,6,NA,NA,NA
"IT_Macro_029","IT_Macro_029_12.06.2009","12.06.2009","TUBIFICIDAE",NA,82,NA,NA,NA
"IT_Macro_029","IT_Macro_029_27.07.2010","27.07.2010","ACROLOXIDAE",NA,2,NA,NA,NA
"IT_Macro_029","IT_Macro_029_27.07.2010","27.07.2010","ASELLIDAE",NA,820,NA,NA,NA
"IT_Macro_029","IT_Macro_029_27.07.2010","27.07.2010","CAENIDAE",NA,6,NA,NA,NA
"IT_Macro_029","IT_Macro_029_27.07.2010","27.07.2010","CERATOPOGONIDAE",NA,2,NA,NA,NA
"IT_Macro_029","IT_Macro_029_27.07.2010","27.07.2010","CHIRONOMIDAE",NA,2616,NA,NA,NA
"IT_Macro_029","IT_Macro_029_27.07.2010","27.07.2010","CULICIDAE",NA,2,NA,NA,NA
"IT_Macro_029","IT_Macro_029_27.07.2010","27.07.2010","ERPOBDELLIDAE",NA,110,NA,NA,NA
"IT_Macro_029","IT_Macro_029_27.07.2010","27.07.2010","GAMMARIDAE",NA,46,NA,NA,NA
"IT_Macro_029","IT_Macro_029_27.07.2010","27.07.2010","GLOSSIPHONIIDAE",NA,8,NA,NA,NA
"IT_Macro_029","IT_Macro_029_27.07.2010","27.07.2010","HYDROPSYCHIDAE",NA,98,NA,NA,NA
"IT_Macro_029","IT_Macro_029_27.07.2010","27.07.2010","NAIDIDAE",NA,652,NA,NA,NA
"IT_Macro_029","IT_Macro_029_27.07.2010","27.07.2010","TUBIFICIDAE",NA,794,NA,NA,NA
"IT_Macro_029","IT_Macro_029_08.07.2011","08.07.2011","ASELLIDAE",NA,166,NA,NA,NA
"IT_Macro_029","IT_Macro_029_08.07.2011","08.07.2011","BAETIDAE",NA,42,NA,NA,NA
"IT_Macro_029","IT_Macro_029_08.07.2011","08.07.2011","CERATOPOGONIDAE",NA,8,NA,NA,NA
"IT_Macro_029","IT_Macro_029_08.07.2011","08.07.2011","CHIRONOMIDAE",NA,1386,NA,NA,NA
"IT_Macro_029","IT_Macro_029_08.07.2011","08.07.2011","ERPOBDELLIDAE",NA,26,NA,NA,NA
"IT_Macro_029","IT_Macro_029_08.07.2011","08.07.2011","GAMMARIDAE",NA,270,NA,NA,NA
"IT_Macro_029","IT_Macro_029_08.07.2011","08.07.2011","HYDROPSYCHIDAE",NA,86,NA,NA,NA
"IT_Macro_029","IT_Macro_029_08.07.2011","08.07.2011","HYDROPTILIDAE",NA,4,NA,NA,NA
"IT_Macro_029","IT_Macro_029_08.07.2011","08.07.2011","NAIDIDAE",NA,502,NA,NA,NA
"IT_Macro_029","IT_Macro_029_08.07.2011","08.07.2011","SIMULIIDAE",NA,4,NA,NA,NA
"IT_Macro_029","IT_Macro_029_08.07.2011","08.07.2011","TUBIFICIDAE",NA,410,NA,NA,NA
"IT_Macro_029","IT_Macro_029_26.06.2013","26.06.2013","ASELLIDAE",NA,38,NA,NA,NA
"IT_Macro_029","IT_Macro_029_26.06.2013","26.06.2013","BAETIDAE",NA,426,NA,NA,NA
"IT_Macro_029","IT_Macro_029_26.06.2013","26.06.2013","CAENIDAE",NA,2,NA,NA,NA
"IT_Macro_029","IT_Macro_029_26.06.2013","26.06.2013","CHIRONOMIDAE",NA,548,NA,NA,NA
"IT_Macro_029","IT_Macro_029_26.06.2013","26.06.2013","COENAGRIONIDAE",NA,2,NA,NA,NA
"IT_Macro_029","IT_Macro_029_26.06.2013","26.06.2013","ERPOBDELLIDAE",NA,6,NA,NA,NA
"IT_Macro_029","IT_Macro_029_26.06.2013","26.06.2013","GAMMARIDAE",NA,712,NA,NA,NA
"IT_Macro_029","IT_Macro_029_26.06.2013","26.06.2013","HYDROPSYCHIDAE",NA,222,NA,NA,NA
"IT_Macro_029","IT_Macro_029_26.06.2013","26.06.2013","HYDROPTILIDAE",NA,2,NA,NA,NA
"IT_Macro_029","IT_Macro_029_26.06.2013","26.06.2013","NAIDIDAE",NA,126,NA,NA,NA
"IT_Macro_029","IT_Macro_029_26.06.2013","26.06.2013","TUBIFICIDAE",NA,28,NA,NA,NA
"IT_Macro_029","IT_Macro_029_07.07.2014","07.07.2014","ASELLIDAE",NA,12,NA,NA,NA
"IT_Macro_029","IT_Macro_029_07.07.2014","07.07.2014","BAETIDAE",NA,136,NA,NA,NA
"IT_Macro_029","IT_Macro_029_07.07.2014","07.07.2014","CHIRONOMIDAE",NA,534,NA,NA,NA
"IT_Macro_029","IT_Macro_029_07.07.2014","07.07.2014","ERPOBDELLIDAE",NA,2,NA,NA,NA
"IT_Macro_029","IT_Macro_029_07.07.2014","07.07.2014","GAMMARIDAE",NA,192,NA,NA,NA
"IT_Macro_029","IT_Macro_029_07.07.2014","07.07.2014","HYDRACARINA",NA,6,NA,NA,NA
"IT_Macro_029","IT_Macro_029_07.07.2014","07.07.2014","LUMBRICIDAE",NA,4,NA,NA,NA
"IT_Macro_029","IT_Macro_029_07.07.2014","07.07.2014","NAIDIDAE",NA,42,NA,NA,NA
"IT_Macro_029","IT_Macro_029_07.07.2014","07.07.2014","PHYSIDAE",NA,2,NA,NA,NA
"IT_Macro_029","IT_Macro_029_07.07.2014","07.07.2014","PISCICOLIDAE",NA,4,NA,NA,NA
"IT_Macro_029","IT_Macro_029_07.07.2014","07.07.2014","PLANORBIDAE",NA,2,NA,NA,NA
"IT_Macro_029","IT_Macro_029_07.07.2014","07.07.2014","RHYACOPHILIDAE",NA,2,NA,NA,NA
"IT_Macro_029","IT_Macro_029_07.07.2014","07.07.2014","SIMULIIDAE",NA,10,NA,NA,NA
"IT_Macro_029","IT_Macro_029_07.07.2014","07.07.2014","TUBIFICIDAE",NA,76,NA,NA,NA
"IT_Macro_029","IT_Macro_029_24.06.2016","24.06.2016","APHELOCHEIRIDAE",NA,2,NA,NA,NA
"IT_Macro_029","IT_Macro_029_24.06.2016","24.06.2016","ASELLIDAE",NA,16,NA,NA,NA
"IT_Macro_029","IT_Macro_029_24.06.2016","24.06.2016","BAETIDAE",NA,38,NA,NA,NA
"IT_Macro_029","IT_Macro_029_24.06.2016","24.06.2016","CHIRONOMIDAE",NA,126,NA,NA,NA
"IT_Macro_029","IT_Macro_029_24.06.2016","24.06.2016","CORBICULIDAE",NA,2,NA,NA,NA
"IT_Macro_029","IT_Macro_029_24.06.2016","24.06.2016","DUGESIIDAE",NA,2,NA,NA,NA
"IT_Macro_029","IT_Macro_029_24.06.2016","24.06.2016","ERPOBDELLIDAE",NA,16,NA,NA,NA
"IT_Macro_029","IT_Macro_029_24.06.2016","24.06.2016","GAMMARIDAE",NA,2520,NA,NA,NA
"IT_Macro_029","IT_Macro_029_24.06.2016","24.06.2016","HAEMOPIDAE",NA,2,NA,NA,NA
"IT_Macro_029","IT_Macro_029_24.06.2016","24.06.2016","HYDROPSYCHIDAE",NA,24,NA,NA,NA
"IT_Macro_029","IT_Macro_029_24.06.2016","24.06.2016","LUMBRICIDAE",NA,58,NA,NA,NA
"IT_Macro_029","IT_Macro_029_24.06.2016","24.06.2016","LUMBRICULIDAE",NA,4,NA,NA,NA
"IT_Macro_029","IT_Macro_029_24.06.2016","24.06.2016","PHYSIDAE",NA,4,NA,NA,NA
"IT_Macro_029","IT_Macro_029_24.06.2016","24.06.2016","SIMULIIDAE",NA,2,NA,NA,NA
"IT_Macro_029","IT_Macro_029_24.06.2016","24.06.2016","TUBIFICIDAE",NA,78,NA,NA,NA
"IT_Macro_030","IT_Macro_030_31.08.2010","31.08.2010","BAETIDAE",NA,36,NA,NA,NA
"IT_Macro_030","IT_Macro_030_31.08.2010","31.08.2010","CAENIDAE",NA,76,NA,NA,NA
"IT_Macro_030","IT_Macro_030_31.08.2010","31.08.2010","CERATOPOGONIDAE",NA,2,NA,NA,NA
"IT_Macro_030","IT_Macro_030_31.08.2010","31.08.2010","CHIRONOMIDAE",NA,130,NA,NA,NA
"IT_Macro_030","IT_Macro_030_31.08.2010","31.08.2010","GAMMARIDAE",NA,4,NA,NA,NA
"IT_Macro_030","IT_Macro_030_31.08.2010","31.08.2010","HYDRACARINA",NA,2,NA,NA,NA
"IT_Macro_030","IT_Macro_030_31.08.2010","31.08.2010","LUMBRICIDAE",NA,4,NA,NA,NA
"IT_Macro_030","IT_Macro_030_31.08.2010","31.08.2010","NAIDIDAE",NA,2,NA,NA,NA
"IT_Macro_030","IT_Macro_030_31.08.2010","31.08.2010","TUBIFICIDAE",NA,14,NA,NA,NA
"IT_Macro_030","IT_Macro_030_14.07.2011","14.07.2011","BAETIDAE",NA,320,NA,NA,NA
"IT_Macro_030","IT_Macro_030_14.07.2011","14.07.2011","CAENIDAE",NA,124,NA,NA,NA
"IT_Macro_030","IT_Macro_030_14.07.2011","14.07.2011","CHIRONOMIDAE",NA,36,NA,NA,NA
"IT_Macro_030","IT_Macro_030_14.07.2011","14.07.2011","ERPOBDELLIDAE",NA,6,NA,NA,NA
"IT_Macro_030","IT_Macro_030_14.07.2011","14.07.2011","GAMMARIDAE",NA,340,NA,NA,NA
"IT_Macro_030","IT_Macro_030_14.07.2011","14.07.2011","HYDROPSYCHIDAE",NA,16,NA,NA,NA
"IT_Macro_030","IT_Macro_030_14.07.2011","14.07.2011","TUBIFICIDAE",NA,32,NA,NA,NA
"IT_Macro_030","IT_Macro_030_05.07.2013","05.07.2013","BAETIDAE",NA,278,NA,NA,NA
"IT_Macro_030","IT_Macro_030_05.07.2013","05.07.2013","CAENIDAE",NA,20,NA,NA,NA
"IT_Macro_030","IT_Macro_030_05.07.2013","05.07.2013","CHIRONOMIDAE",NA,242,NA,NA,NA
"IT_Macro_030","IT_Macro_030_05.07.2013","05.07.2013","COENAGRIONIDAE",NA,2,NA,NA,NA
"IT_Macro_030","IT_Macro_030_05.07.2013","05.07.2013","CORBICULIDAE",NA,22,NA,NA,NA
"IT_Macro_030","IT_Macro_030_05.07.2013","05.07.2013","DUGESIIDAE",NA,20,NA,NA,NA
"IT_Macro_030","IT_Macro_030_05.07.2013","05.07.2013","ERPOBDELLIDAE",NA,10,NA,NA,NA
"IT_Macro_030","IT_Macro_030_05.07.2013","05.07.2013","GAMMARIDAE",NA,1478,NA,NA,NA
"IT_Macro_030","IT_Macro_030_05.07.2013","05.07.2013","GLOSSIPHONIIDAE",NA,4,NA,NA,NA
"IT_Macro_030","IT_Macro_030_05.07.2013","05.07.2013","HYDROPSYCHIDAE",NA,4,NA,NA,NA
"IT_Macro_030","IT_Macro_030_05.07.2013","05.07.2013","HYDROPTILIDAE",NA,2,NA,NA,NA
"IT_Macro_030","IT_Macro_030_05.07.2013","05.07.2013","TUBIFICIDAE",NA,80,NA,NA,NA
"IT_Macro_030","IT_Macro_030_11.07.2014","11.07.2014","ASELLIDAE",NA,10,NA,NA,NA
"IT_Macro_030","IT_Macro_030_11.07.2014","11.07.2014","BAETIDAE",NA,48,NA,NA,NA
"IT_Macro_030","IT_Macro_030_11.07.2014","11.07.2014","CAENIDAE",NA,32,NA,NA,NA
"IT_Macro_030","IT_Macro_030_11.07.2014","11.07.2014","CHIRONOMIDAE",NA,338,NA,NA,NA
"IT_Macro_030","IT_Macro_030_11.07.2014","11.07.2014","COENAGRIONIDAE",NA,2,NA,NA,NA
"IT_Macro_030","IT_Macro_030_11.07.2014","11.07.2014","CORBICULIDAE",NA,12,NA,NA,NA
"IT_Macro_030","IT_Macro_030_11.07.2014","11.07.2014","DUGESIIDAE",NA,64,NA,NA,NA
"IT_Macro_030","IT_Macro_030_11.07.2014","11.07.2014","GAMMARIDAE",NA,908,NA,NA,NA
"IT_Macro_030","IT_Macro_030_11.07.2014","11.07.2014","HYDRACARINA",NA,258,NA,NA,NA
"IT_Macro_030","IT_Macro_030_11.07.2014","11.07.2014","HYDROBIIDAE",NA,14,NA,NA,NA
"IT_Macro_030","IT_Macro_030_11.07.2014","11.07.2014","HYDROPTILIDAE",NA,2,NA,NA,NA
"IT_Macro_030","IT_Macro_030_11.07.2014","11.07.2014","LUMBRICIDAE",NA,14,NA,NA,NA
"IT_Macro_030","IT_Macro_030_11.07.2014","11.07.2014","NAIDIDAE",NA,100,NA,NA,NA
"IT_Macro_030","IT_Macro_030_11.07.2014","11.07.2014","PSYCHODIDAE",NA,2,NA,NA,NA
"IT_Macro_030","IT_Macro_030_11.07.2014","11.07.2014","TIPULIDAE",NA,2,NA,NA,NA
"IT_Macro_030","IT_Macro_030_11.07.2014","11.07.2014","TUBIFICIDAE",NA,368,NA,NA,NA
"IT_Macro_030","IT_Macro_030_19.07.2017","19.07.2017","ASELLIDAE",NA,2,NA,NA,NA
"IT_Macro_030","IT_Macro_030_19.07.2017","19.07.2017","BAETIDAE",NA,86,NA,NA,NA
"IT_Macro_030","IT_Macro_030_19.07.2017","19.07.2017","CAENIDAE",NA,36,NA,NA,NA
"IT_Macro_030","IT_Macro_030_19.07.2017","19.07.2017","CHIRONOMIDAE",NA,308,NA,NA,NA
"IT_Macro_030","IT_Macro_030_19.07.2017","19.07.2017","CORBICULIDAE",NA,108,NA,NA,NA
"IT_Macro_030","IT_Macro_030_19.07.2017","19.07.2017","DUGESIIDAE",NA,6,NA,NA,NA
"IT_Macro_030","IT_Macro_030_19.07.2017","19.07.2017","GAMMARIDAE",NA,718,NA,NA,NA
"IT_Macro_030","IT_Macro_030_19.07.2017","19.07.2017","HYDRACARINA",NA,2,NA,NA,NA
"IT_Macro_030","IT_Macro_030_19.07.2017","19.07.2017","HYDROBIIDAE",NA,14,NA,NA,NA
"IT_Macro_030","IT_Macro_030_19.07.2017","19.07.2017","HYDROPTILIDAE",NA,4,NA,NA,NA
"IT_Macro_030","IT_Macro_030_19.07.2017","19.07.2017","LUMBRICULIDAE",NA,2,NA,NA,NA
"IT_Macro_030","IT_Macro_030_19.07.2017","19.07.2017","SIMULIIDAE",NA,136,NA,NA,NA
"IT_Macro_030","IT_Macro_030_19.07.2017","19.07.2017","TUBIFICIDAE",NA,8,NA,NA,NA
"IT_Macro_031","IT_Macro_031_13.09.2010","13.09.2010","BAETIDAE",NA,82,NA,NA,NA
"IT_Macro_031","IT_Macro_031_13.09.2010","13.09.2010","CAENIDAE",NA,8,NA,NA,NA
"IT_Macro_031","IT_Macro_031_13.09.2010","13.09.2010","CHIRONOMIDAE",NA,324,NA,NA,NA
"IT_Macro_031","IT_Macro_031_13.09.2010","13.09.2010","GAMMARIDAE",NA,80,NA,NA,NA
"IT_Macro_031","IT_Macro_031_13.09.2010","13.09.2010","GLOSSIPHONIIDAE",NA,4,NA,NA,NA
"IT_Macro_031","IT_Macro_031_13.09.2010","13.09.2010","HYDROPSYCHIDAE",NA,10,NA,NA,NA
"IT_Macro_031","IT_Macro_031_13.09.2010","13.09.2010","NAIDIDAE",NA,14,NA,NA,NA
"IT_Macro_031","IT_Macro_031_13.09.2010","13.09.2010","SIMULIIDAE",NA,12,NA,NA,NA
"IT_Macro_031","IT_Macro_031_13.09.2010","13.09.2010","TUBIFICIDAE",NA,640,NA,NA,NA
"IT_Macro_031","IT_Macro_031_22.07.2011","22.07.2011","BAETIDAE",NA,4,NA,NA,NA
"IT_Macro_031","IT_Macro_031_22.07.2011","22.07.2011","CERATOPOGONIDAE",NA,2,NA,NA,NA
"IT_Macro_031","IT_Macro_031_22.07.2011","22.07.2011","CHIRONOMIDAE",NA,770,NA,NA,NA
"IT_Macro_031","IT_Macro_031_22.07.2011","22.07.2011","ERPOBDELLIDAE",NA,4,NA,NA,NA
"IT_Macro_031","IT_Macro_031_22.07.2011","22.07.2011","GAMMARIDAE",NA,320,NA,NA,NA
"IT_Macro_031","IT_Macro_031_22.07.2011","22.07.2011","HYDROPSYCHIDAE",NA,36,NA,NA,NA
"IT_Macro_031","IT_Macro_031_22.07.2011","22.07.2011","NAIDIDAE",NA,8,NA,NA,NA
"IT_Macro_031","IT_Macro_031_22.07.2011","22.07.2011","SIMULIIDAE",NA,2,NA,NA,NA
"IT_Macro_031","IT_Macro_031_22.07.2011","22.07.2011","TUBIFICIDAE",NA,288,NA,NA,NA
"IT_Macro_031","IT_Macro_031_29.07.2013","29.07.2013","ATHERICIDAE",NA,2,NA,NA,NA
"IT_Macro_031","IT_Macro_031_29.07.2013","29.07.2013","BAETIDAE",NA,118,NA,NA,NA
"IT_Macro_031","IT_Macro_031_29.07.2013","29.07.2013","CAENIDAE",NA,20,NA,NA,NA
"IT_Macro_031","IT_Macro_031_29.07.2013","29.07.2013","CHIRONOMIDAE",NA,1220,NA,NA,NA
"IT_Macro_031","IT_Macro_031_29.07.2013","29.07.2013","CORBICULIDAE",NA,6,NA,NA,NA
"IT_Macro_031","IT_Macro_031_29.07.2013","29.07.2013","CORIXIDAE",NA,12,NA,NA,NA
"IT_Macro_031","IT_Macro_031_29.07.2013","29.07.2013","DYTISCIDAE",NA,4,NA,NA,NA
"IT_Macro_031","IT_Macro_031_29.07.2013","29.07.2013","GAMMARIDAE",NA,232,NA,NA,NA
"IT_Macro_031","IT_Macro_031_29.07.2013","29.07.2013","HYDROPSYCHIDAE",NA,96,NA,NA,NA
"IT_Macro_031","IT_Macro_031_29.07.2013","29.07.2013","HYDROPTILIDAE",NA,2,NA,NA,NA
"IT_Macro_031","IT_Macro_031_29.07.2013","29.07.2013","NAIDIDAE",NA,2,NA,NA,NA
"IT_Macro_031","IT_Macro_031_29.07.2013","29.07.2013","TUBIFICIDAE",NA,4,NA,NA,NA
"IT_Macro_031","IT_Macro_031_08.09.2014","08.09.2014","BAETIDAE",NA,154,NA,NA,NA
"IT_Macro_031","IT_Macro_031_08.09.2014","08.09.2014","CAENIDAE",NA,4,NA,NA,NA
"IT_Macro_031","IT_Macro_031_08.09.2014","08.09.2014","CHIRONOMIDAE",NA,534,NA,NA,NA
"IT_Macro_031","IT_Macro_031_08.09.2014","08.09.2014","CORBICULIDAE",NA,14,NA,NA,NA
"IT_Macro_031","IT_Macro_031_08.09.2014","08.09.2014","GAMMARIDAE",NA,146,NA,NA,NA
"IT_Macro_031","IT_Macro_031_08.09.2014","08.09.2014","HYDRACARINA",NA,4,NA,NA,NA
"IT_Macro_031","IT_Macro_031_08.09.2014","08.09.2014","HYDROPSYCHIDAE",NA,20,NA,NA,NA
"IT_Macro_031","IT_Macro_031_08.09.2014","08.09.2014","HYDROPTILIDAE",NA,4,NA,NA,NA
"IT_Macro_031","IT_Macro_031_08.09.2014","08.09.2014","NAIDIDAE",NA,8,NA,NA,NA
"IT_Macro_031","IT_Macro_031_08.09.2014","08.09.2014","TUBIFICIDAE",NA,86,NA,NA,NA
"IT_Macro_031","IT_Macro_031_05.09.2017","05.09.2017","BAETIDAE",NA,92,NA,NA,NA
"IT_Macro_031","IT_Macro_031_05.09.2017","05.09.2017","CAENIDAE",NA,4,NA,NA,NA
"IT_Macro_031","IT_Macro_031_05.09.2017","05.09.2017","CHIRONOMIDAE",NA,124,NA,NA,NA
"IT_Macro_031","IT_Macro_031_05.09.2017","05.09.2017","CORBICULIDAE",NA,8,NA,NA,NA
"IT_Macro_031","IT_Macro_031_05.09.2017","05.09.2017","DUGESIIDAE",NA,2,NA,NA,NA
"IT_Macro_031","IT_Macro_031_05.09.2017","05.09.2017","ERPOBDELLIDAE",NA,6,NA,NA,NA
"IT_Macro_031","IT_Macro_031_05.09.2017","05.09.2017","GAMMARIDAE",NA,142,NA,NA,NA
"IT_Macro_031","IT_Macro_031_05.09.2017","05.09.2017","HYDROPSYCHIDAE",NA,12,NA,NA,NA
"IT_Macro_031","IT_Macro_031_05.09.2017","05.09.2017","LUMBRICULIDAE",NA,6,NA,NA,NA
"IT_Macro_031","IT_Macro_031_05.09.2017","05.09.2017","MERMITHIDAE",NA,6,NA,NA,NA
"IT_Macro_031","IT_Macro_031_05.09.2017","05.09.2017","TUBIFICIDAE",NA,148,NA,NA,NA
"IT_Macro_033","IT_Macro_033_17.03.2010","17.03.2010","APHELOCHEIRIDAE",NA,22,NA,NA,NA
"IT_Macro_033","IT_Macro_033_17.03.2010","17.03.2010","BAETIDAE",NA,54,NA,NA,NA
"IT_Macro_033","IT_Macro_033_17.03.2010","17.03.2010","CERATOPOGONIDAE",NA,2,NA,NA,NA
"IT_Macro_033","IT_Macro_033_17.03.2010","17.03.2010","CHIRONOMIDAE",NA,774,NA,NA,NA
"IT_Macro_033","IT_Macro_033_17.03.2010","17.03.2010","ERPOBDELLIDAE",NA,4,NA,NA,NA
"IT_Macro_033","IT_Macro_033_17.03.2010","17.03.2010","HYDROPSYCHIDAE",NA,36,NA,NA,NA
"IT_Macro_033","IT_Macro_033_17.03.2010","17.03.2010","LUMBRICULIDAE",NA,30,NA,NA,NA
"IT_Macro_033","IT_Macro_033_17.03.2010","17.03.2010","SIMULIIDAE",NA,36,NA,NA,NA
"IT_Macro_033","IT_Macro_033_17.03.2010","17.03.2010","TUBIFICIDAE",NA,112,NA,NA,NA
"IT_Macro_033","IT_Macro_033_17.03.2010","17.03.2010","UNIONIDAE",NA,2,NA,NA,NA
"IT_Macro_033","IT_Macro_033_07.03.2012","07.03.2012","APHELOCHEIRIDAE",NA,40,NA,NA,NA
"IT_Macro_033","IT_Macro_033_07.03.2012","07.03.2012","BAETIDAE",NA,54,NA,NA,NA
"IT_Macro_033","IT_Macro_033_07.03.2012","07.03.2012","CALOPTERYGIDAE",NA,2,NA,NA,NA
"IT_Macro_033","IT_Macro_033_07.03.2012","07.03.2012","CHIRONOMIDAE",NA,612,NA,NA,NA
"IT_Macro_033","IT_Macro_033_07.03.2012","07.03.2012","ELMIDAE",NA,4,NA,NA,NA
"IT_Macro_033","IT_Macro_033_07.03.2012","07.03.2012","ERPOBDELLIDAE",NA,6,NA,NA,NA
"IT_Macro_033","IT_Macro_033_07.03.2012","07.03.2012","GORDIIDAE",NA,2,NA,NA,NA
"IT_Macro_033","IT_Macro_033_07.03.2012","07.03.2012","HYDROPSYCHIDAE",NA,104,NA,NA,NA
"IT_Macro_033","IT_Macro_033_07.03.2012","07.03.2012","LIMONIIDAE",NA,4,NA,NA,NA
"IT_Macro_033","IT_Macro_033_07.03.2012","07.03.2012","LUMBRICIDAE",NA,16,NA,NA,NA
"IT_Macro_033","IT_Macro_033_07.03.2012","07.03.2012","MERMITHIDAE",NA,4,NA,NA,NA
"IT_Macro_033","IT_Macro_033_07.03.2012","07.03.2012","NAIDIDAE",NA,2,NA,NA,NA
"IT_Macro_033","IT_Macro_033_07.03.2012","07.03.2012","PHYSIDAE",NA,2,NA,NA,NA
"IT_Macro_033","IT_Macro_033_07.03.2012","07.03.2012","RHYACOPHILIDAE",NA,4,NA,NA,NA
"IT_Macro_033","IT_Macro_033_07.03.2012","07.03.2012","SIMULIIDAE",NA,250,NA,NA,NA
"IT_Macro_033","IT_Macro_033_07.03.2012","07.03.2012","TIPULIDAE",NA,2,NA,NA,NA
"IT_Macro_033","IT_Macro_033_07.03.2012","07.03.2012","TUBIFICIDAE",NA,4,NA,NA,NA
"IT_Macro_033","IT_Macro_033_05.03.2013","05.03.2013","APHELOCHEIRIDAE",NA,2,NA,NA,NA
"IT_Macro_033","IT_Macro_033_05.03.2013","05.03.2013","BAETIDAE",NA,62,NA,NA,NA
"IT_Macro_033","IT_Macro_033_05.03.2013","05.03.2013","CHIRONOMIDAE",NA,1038,NA,NA,NA
"IT_Macro_033","IT_Macro_033_05.03.2013","05.03.2013","ERPOBDELLIDAE",NA,28,NA,NA,NA
"IT_Macro_033","IT_Macro_033_05.03.2013","05.03.2013","HYDROPSYCHIDAE",NA,30,NA,NA,NA
"IT_Macro_033","IT_Macro_033_05.03.2013","05.03.2013","LUMBRICIDAE",NA,60,NA,NA,NA
"IT_Macro_033","IT_Macro_033_05.03.2013","05.03.2013","MERMITHIDAE",NA,4,NA,NA,NA
"IT_Macro_033","IT_Macro_033_05.03.2013","05.03.2013","NAIDIDAE",NA,2,NA,NA,NA
"IT_Macro_033","IT_Macro_033_05.03.2013","05.03.2013","NEMOURIDAE",NA,2,NA,NA,NA
"IT_Macro_033","IT_Macro_033_05.03.2013","05.03.2013","NERITIDAE",NA,4,NA,NA,NA
"IT_Macro_033","IT_Macro_033_05.03.2013","05.03.2013","RHYACOPHILIDAE",NA,4,NA,NA,NA
"IT_Macro_033","IT_Macro_033_05.03.2013","05.03.2013","SIMULIIDAE",NA,1802,NA,NA,NA
"IT_Macro_033","IT_Macro_033_05.03.2013","05.03.2013","TIPULIDAE",NA,2,NA,NA,NA
"IT_Macro_033","IT_Macro_033_21.03.2016","21.03.2016","APHELOCHEIRIDAE",NA,8,NA,NA,NA
"IT_Macro_033","IT_Macro_033_21.03.2016","21.03.2016","ASELLIDAE",NA,10,NA,NA,NA
"IT_Macro_033","IT_Macro_033_21.03.2016","21.03.2016","ATHERICIDAE",NA,2,NA,NA,NA
"IT_Macro_033","IT_Macro_033_21.03.2016","21.03.2016","BAETIDAE",NA,68,NA,NA,NA
"IT_Macro_033","IT_Macro_033_21.03.2016","21.03.2016","CAENIDAE",NA,84,NA,NA,NA
"IT_Macro_033","IT_Macro_033_21.03.2016","21.03.2016","CERATOPOGONIDAE",NA,8,NA,NA,NA
"IT_Macro_033","IT_Macro_033_21.03.2016","21.03.2016","CHIRONOMIDAE",NA,120,NA,NA,NA
"IT_Macro_033","IT_Macro_033_21.03.2016","21.03.2016","CORDULEGASTRIDAE",NA,4,NA,NA,NA
"IT_Macro_033","IT_Macro_033_21.03.2016","21.03.2016","DUGESIIDAE",NA,14,NA,NA,NA
"IT_Macro_033","IT_Macro_033_21.03.2016","21.03.2016","ELMIDAE",NA,2,NA,NA,NA
"IT_Macro_033","IT_Macro_033_21.03.2016","21.03.2016","ERPOBDELLIDAE",NA,4,NA,NA,NA
"IT_Macro_033","IT_Macro_033_21.03.2016","21.03.2016","GOMPHIDAE",NA,4,NA,NA,NA
"IT_Macro_033","IT_Macro_033_21.03.2016","21.03.2016","HYDRACARINA",NA,76,NA,NA,NA
"IT_Macro_033","IT_Macro_033_21.03.2016","21.03.2016","HYDROPSYCHIDAE",NA,108,NA,NA,NA
"IT_Macro_033","IT_Macro_033_21.03.2016","21.03.2016","HYDROPTILIDAE",NA,4,NA,NA,NA
"IT_Macro_033","IT_Macro_033_21.03.2016","21.03.2016","LUMBRICIDAE",NA,4,NA,NA,NA
"IT_Macro_033","IT_Macro_033_21.03.2016","21.03.2016","LUMBRICULIDAE",NA,10,NA,NA,NA
"IT_Macro_033","IT_Macro_033_21.03.2016","21.03.2016","MERMITHIDAE",NA,12,NA,NA,NA
"IT_Macro_033","IT_Macro_033_21.03.2016","21.03.2016","NAIDIDAE",NA,196,NA,NA,NA
"IT_Macro_033","IT_Macro_033_21.03.2016","21.03.2016","PSYCHOMYIIDAE",NA,10,NA,NA,NA
"IT_Macro_033","IT_Macro_033_21.03.2016","21.03.2016","SIMULIIDAE",NA,12,NA,NA,NA
"IT_Macro_033","IT_Macro_033_21.03.2016","21.03.2016","SPHAERIIDAE",NA,4,NA,NA,NA
"IT_Macro_033","IT_Macro_033_21.03.2016","21.03.2016","TUBIFICIDAE",NA,20,NA,NA,NA
"IT_Macro_033","IT_Macro_033_20.03.2018","20.03.2018","APHELOCHEIRIDAE",NA,44,NA,NA,NA
"IT_Macro_033","IT_Macro_033_20.03.2018","20.03.2018","BAETIDAE",NA,62,NA,NA,NA
"IT_Macro_033","IT_Macro_033_20.03.2018","20.03.2018","CAENIDAE",NA,98,NA,NA,NA
"IT_Macro_033","IT_Macro_033_20.03.2018","20.03.2018","CERATOPOGONIDAE",NA,4,NA,NA,NA
"IT_Macro_033","IT_Macro_033_20.03.2018","20.03.2018","CHIRONOMIDAE",NA,460,NA,NA,NA
"IT_Macro_033","IT_Macro_033_20.03.2018","20.03.2018","COENAGRIONIDAE",NA,2,NA,NA,NA
"IT_Macro_033","IT_Macro_033_20.03.2018","20.03.2018","ELMIDAE",NA,18,NA,NA,NA
"IT_Macro_033","IT_Macro_033_20.03.2018","20.03.2018","ENCHYTRAEIDAE",NA,4,NA,NA,NA
"IT_Macro_033","IT_Macro_033_20.03.2018","20.03.2018","ERPOBDELLIDAE",NA,36,NA,NA,NA
"IT_Macro_033","IT_Macro_033_20.03.2018","20.03.2018","GOMPHIDAE",NA,4,NA,NA,NA
"IT_Macro_033","IT_Macro_033_20.03.2018","20.03.2018","HYDRACARINA",NA,2,NA,NA,NA
"IT_Macro_033","IT_Macro_033_20.03.2018","20.03.2018","HYDROPSYCHIDAE",NA,148,NA,NA,NA
"IT_Macro_033","IT_Macro_033_20.03.2018","20.03.2018","HYDROPTILIDAE",NA,2,NA,NA,NA
"IT_Macro_033","IT_Macro_033_20.03.2018","20.03.2018","LEPTOCERIDAE",NA,4,NA,NA,NA
"IT_Macro_033","IT_Macro_033_20.03.2018","20.03.2018","LUMBRICIDAE",NA,10,NA,NA,NA
"IT_Macro_033","IT_Macro_033_20.03.2018","20.03.2018","MERMITHIDAE",NA,6,NA,NA,NA
"IT_Macro_033","IT_Macro_033_20.03.2018","20.03.2018","NAIDIDAE",NA,360,NA,NA,NA
"IT_Macro_033","IT_Macro_033_20.03.2018","20.03.2018","NERITIDAE",NA,14,NA,NA,NA
"IT_Macro_033","IT_Macro_033_20.03.2018","20.03.2018","PSYCHOMYIIDAE",NA,6,NA,NA,NA
"IT_Macro_033","IT_Macro_033_20.03.2018","20.03.2018","TUBIFICIDAE",NA,76,NA,NA,NA
"IT_Macro_034","IT_Macro_034_16.07.2009","16.07.2009","BAETIDAE",NA,54,NA,NA,NA
"IT_Macro_034","IT_Macro_034_16.07.2009","16.07.2009","CAENIDAE",NA,102,NA,NA,NA
"IT_Macro_034","IT_Macro_034_16.07.2009","16.07.2009","CHIRONOMIDAE",NA,370,NA,NA,NA
"IT_Macro_034","IT_Macro_034_16.07.2009","16.07.2009","ERPOBDELLIDAE",NA,8,NA,NA,NA
"IT_Macro_034","IT_Macro_034_16.07.2009","16.07.2009","HEPTAGENIIDAE",NA,2,NA,NA,NA
"IT_Macro_034","IT_Macro_034_16.07.2009","16.07.2009","HYDRACARINA",NA,32,NA,NA,NA
"IT_Macro_034","IT_Macro_034_16.07.2009","16.07.2009","HYDROPSYCHIDAE",NA,102,NA,NA,NA
"IT_Macro_034","IT_Macro_034_16.07.2009","16.07.2009","LUMBRICIDAE",NA,4,NA,NA,NA
"IT_Macro_034","IT_Macro_034_16.07.2009","16.07.2009","PSYCHOMYIIDAE",NA,4,NA,NA,NA
"IT_Macro_034","IT_Macro_034_16.07.2009","16.07.2009","TUBIFICIDAE",NA,72,NA,NA,NA
"IT_Macro_034","IT_Macro_034_14.07.2010","14.07.2010","BAETIDAE",NA,24,NA,NA,NA
"IT_Macro_034","IT_Macro_034_14.07.2010","14.07.2010","CAENIDAE",NA,40,NA,NA,NA
"IT_Macro_034","IT_Macro_034_14.07.2010","14.07.2010","CHIRONOMIDAE",NA,108,NA,NA,NA
"IT_Macro_034","IT_Macro_034_14.07.2010","14.07.2010","ELMIDAE",NA,2,NA,NA,NA
"IT_Macro_034","IT_Macro_034_14.07.2010","14.07.2010","ERPOBDELLIDAE",NA,2,NA,NA,NA
"IT_Macro_034","IT_Macro_034_14.07.2010","14.07.2010","HYDRACARINA",NA,56,NA,NA,NA
"IT_Macro_034","IT_Macro_034_14.07.2010","14.07.2010","HYDROPSYCHIDAE",NA,2,NA,NA,NA
"IT_Macro_034","IT_Macro_034_14.07.2010","14.07.2010","LEPTOCERIDAE",NA,2,NA,NA,NA
"IT_Macro_034","IT_Macro_034_14.07.2010","14.07.2010","NAIDIDAE",NA,2,NA,NA,NA
"IT_Macro_034","IT_Macro_034_14.07.2010","14.07.2010","PHYSIDAE",NA,2,NA,NA,NA
"IT_Macro_034","IT_Macro_034_14.07.2010","14.07.2010","PSYCHOMYIIDAE",NA,2,NA,NA,NA
"IT_Macro_034","IT_Macro_034_14.07.2010","14.07.2010","TIPULIDAE",NA,2,NA,NA,NA
"IT_Macro_034","IT_Macro_034_31.05.2012","31.05.2012","BAETIDAE",NA,166,NA,NA,NA
"IT_Macro_034","IT_Macro_034_31.05.2012","31.05.2012","CAENIDAE",NA,26,NA,NA,NA
"IT_Macro_034","IT_Macro_034_31.05.2012","31.05.2012","CERATOPOGONIDAE",NA,10,NA,NA,NA
"IT_Macro_034","IT_Macro_034_31.05.2012","31.05.2012","CHIRONOMIDAE",NA,344,NA,NA,NA
"IT_Macro_034","IT_Macro_034_31.05.2012","31.05.2012","ELMIDAE",NA,4,NA,NA,NA
"IT_Macro_034","IT_Macro_034_31.05.2012","31.05.2012","ERPOBDELLIDAE",NA,12,NA,NA,NA
"IT_Macro_034","IT_Macro_034_31.05.2012","31.05.2012","GLOSSIPHONIIDAE",NA,2,NA,NA,NA
"IT_Macro_034","IT_Macro_034_31.05.2012","31.05.2012","HYDRACARINA",NA,84,NA,NA,NA
"IT_Macro_034","IT_Macro_034_31.05.2012","31.05.2012","HYDROPSYCHIDAE",NA,56,NA,NA,NA
"IT_Macro_034","IT_Macro_034_31.05.2012","31.05.2012","LUMBRICIDAE",NA,8,NA,NA,NA
"IT_Macro_034","IT_Macro_034_31.05.2012","31.05.2012","MERMITHIDAE",NA,4,NA,NA,NA
"IT_Macro_034","IT_Macro_034_31.05.2012","31.05.2012","NAIDIDAE",NA,80,NA,NA,NA
"IT_Macro_034","IT_Macro_034_31.05.2012","31.05.2012","SIMULIIDAE",NA,14,NA,NA,NA
"IT_Macro_034","IT_Macro_034_31.05.2012","31.05.2012","TUBIFICIDAE",NA,28,NA,NA,NA
"IT_Macro_034","IT_Macro_034_26.06.2013","26.06.2013","BAETIDAE",NA,144,NA,NA,NA
"IT_Macro_034","IT_Macro_034_26.06.2013","26.06.2013","CAENIDAE",NA,6,NA,NA,NA
"IT_Macro_034","IT_Macro_034_26.06.2013","26.06.2013","CHIRONOMIDAE",NA,216,NA,NA,NA
"IT_Macro_034","IT_Macro_034_26.06.2013","26.06.2013","ELMIDAE",NA,16,NA,NA,NA
"IT_Macro_034","IT_Macro_034_26.06.2013","26.06.2013","ENCHYTRAEIDAE",NA,4,NA,NA,NA
"IT_Macro_034","IT_Macro_034_26.06.2013","26.06.2013","ERPOBDELLIDAE",NA,6,NA,NA,NA
"IT_Macro_034","IT_Macro_034_26.06.2013","26.06.2013","HYDRACARINA",NA,12,NA,NA,NA
"IT_Macro_034","IT_Macro_034_26.06.2013","26.06.2013","HYDROPSYCHIDAE",NA,196,NA,NA,NA
"IT_Macro_034","IT_Macro_034_26.06.2013","26.06.2013","LUMBRICIDAE",NA,14,NA,NA,NA
"IT_Macro_034","IT_Macro_034_26.06.2013","26.06.2013","LUMBRICULIDAE",NA,12,NA,NA,NA
"IT_Macro_034","IT_Macro_034_26.06.2013","26.06.2013","NAIDIDAE",NA,4,NA,NA,NA
"IT_Macro_034","IT_Macro_034_26.06.2013","26.06.2013","PSYCHOMYIIDAE",NA,6,NA,NA,NA
"IT_Macro_034","IT_Macro_034_26.06.2013","26.06.2013","SIMULIIDAE",NA,12,NA,NA,NA
"IT_Macro_034","IT_Macro_034_26.06.2013","26.06.2013","TUBIFICIDAE",NA,6,NA,NA,NA
"IT_Macro_034","IT_Macro_034_25.06.2015","25.06.2015","BAETIDAE",NA,740,NA,NA,NA
"IT_Macro_034","IT_Macro_034_25.06.2015","25.06.2015","CAENIDAE",NA,268,NA,NA,NA
"IT_Macro_034","IT_Macro_034_25.06.2015","25.06.2015","CERATOPOGONIDAE",NA,6,NA,NA,NA
"IT_Macro_034","IT_Macro_034_25.06.2015","25.06.2015","CHIRONOMIDAE",NA,688,NA,NA,NA
"IT_Macro_034","IT_Macro_034_25.06.2015","25.06.2015","ELMIDAE",NA,2,NA,NA,NA
"IT_Macro_034","IT_Macro_034_25.06.2015","25.06.2015","ERPOBDELLIDAE",NA,16,NA,NA,NA
"IT_Macro_034","IT_Macro_034_25.06.2015","25.06.2015","HYDRACARINA",NA,228,NA,NA,NA
"IT_Macro_034","IT_Macro_034_25.06.2015","25.06.2015","HYDROPSYCHIDAE",NA,130,NA,NA,NA
"IT_Macro_034","IT_Macro_034_25.06.2015","25.06.2015","HYDROPTILIDAE",NA,2,NA,NA,NA
"IT_Macro_034","IT_Macro_034_25.06.2015","25.06.2015","LIMONIIDAE",NA,2,NA,NA,NA
"IT_Macro_034","IT_Macro_034_25.06.2015","25.06.2015","NAIDIDAE",NA,2,NA,NA,NA
"IT_Macro_034","IT_Macro_034_25.06.2015","25.06.2015","PSYCHOMYIIDAE",NA,20,NA,NA,NA
"IT_Macro_034","IT_Macro_034_25.06.2015","25.06.2015","RHYACOPHILIDAE",NA,2,NA,NA,NA
"IT_Macro_034","IT_Macro_034_25.06.2015","25.06.2015","TUBIFICIDAE",NA,140,NA,NA,NA
"IT_Macro_034","IT_Macro_034_25.06.2018","25.06.2018","BAETIDAE",NA,82,NA,NA,NA
"IT_Macro_034","IT_Macro_034_25.06.2018","25.06.2018","CAENIDAE",NA,456,NA,NA,NA
"IT_Macro_034","IT_Macro_034_25.06.2018","25.06.2018","CALOPTERYGIDAE",NA,6,NA,NA,NA
"IT_Macro_034","IT_Macro_034_25.06.2018","25.06.2018","CERATOPOGONIDAE",NA,8,NA,NA,NA
"IT_Macro_034","IT_Macro_034_25.06.2018","25.06.2018","CHIRONOMIDAE",NA,1246,NA,NA,NA
"IT_Macro_034","IT_Macro_034_25.06.2018","25.06.2018","CORBICULIDAE",NA,6,NA,NA,NA
"IT_Macro_034","IT_Macro_034_25.06.2018","25.06.2018","ELMIDAE",NA,6,NA,NA,NA
"IT_Macro_034","IT_Macro_034_25.06.2018","25.06.2018","ERPOBDELLIDAE",NA,6,NA,NA,NA
"IT_Macro_034","IT_Macro_034_25.06.2018","25.06.2018","HYDRACARINA",NA,584,NA,NA,NA
"IT_Macro_034","IT_Macro_034_25.06.2018","25.06.2018","HYDROPSYCHIDAE",NA,6,NA,NA,NA
"IT_Macro_034","IT_Macro_034_25.06.2018","25.06.2018","LEPTOCERIDAE",NA,4,NA,NA,NA
"IT_Macro_034","IT_Macro_034_25.06.2018","25.06.2018","LUMBRICIDAE",NA,8,NA,NA,NA
"IT_Macro_034","IT_Macro_034_25.06.2018","25.06.2018","NAIDIDAE",NA,2,NA,NA,NA
"IT_Macro_034","IT_Macro_034_25.06.2018","25.06.2018","NOTONECTIDAE",NA,2,NA,NA,NA
"IT_Macro_034","IT_Macro_034_25.06.2018","25.06.2018","TUBIFICIDAE",NA,4,NA,NA,NA
"IT_Macro_035","IT_Macro_035_25.03.2009","25.03.2009","ASELLIDAE",NA,46,NA,NA,NA
"IT_Macro_035","IT_Macro_035_25.03.2009","25.03.2009","BAETIDAE",NA,118,NA,NA,NA
"IT_Macro_035","IT_Macro_035_25.03.2009","25.03.2009","CHIRONOMIDAE",NA,414,NA,NA,NA
"IT_Macro_035","IT_Macro_035_25.03.2009","25.03.2009","ERPOBDELLIDAE",NA,24,NA,NA,NA
"IT_Macro_035","IT_Macro_035_25.03.2009","25.03.2009","GAMMARIDAE",NA,18,NA,NA,NA
"IT_Macro_035","IT_Macro_035_25.03.2009","25.03.2009","GLOSSIPHONIIDAE",NA,2,NA,NA,NA
"IT_Macro_035","IT_Macro_035_25.03.2009","25.03.2009","HYDROPSYCHIDAE",NA,8,NA,NA,NA
"IT_Macro_035","IT_Macro_035_25.03.2009","25.03.2009","LUMBRICIDAE",NA,4,NA,NA,NA
"IT_Macro_035","IT_Macro_035_25.03.2009","25.03.2009","NAIDIDAE",NA,52,NA,NA,NA
"IT_Macro_035","IT_Macro_035_25.03.2009","25.03.2009","TUBIFICIDAE",NA,2680,NA,NA,NA
"IT_Macro_035","IT_Macro_035_12.04.2012","12.04.2012","ASELLIDAE",NA,126,NA,NA,NA
"IT_Macro_035","IT_Macro_035_12.04.2012","12.04.2012","BAETIDAE",NA,8,NA,NA,NA
"IT_Macro_035","IT_Macro_035_12.04.2012","12.04.2012","CAENIDAE",NA,12,NA,NA,NA
"IT_Macro_035","IT_Macro_035_12.04.2012","12.04.2012","CHIRONOMIDAE",NA,1148,NA,NA,NA
"IT_Macro_035","IT_Macro_035_12.04.2012","12.04.2012","DYTISCIDAE",NA,4,NA,NA,NA
"IT_Macro_035","IT_Macro_035_12.04.2012","12.04.2012","ERPOBDELLIDAE",NA,2,NA,NA,NA
"IT_Macro_035","IT_Macro_035_12.04.2012","12.04.2012","GAMMARIDAE",NA,692,NA,NA,NA
"IT_Macro_035","IT_Macro_035_12.04.2012","12.04.2012","HELOPHORIDAE",NA,2,NA,NA,NA
"IT_Macro_035","IT_Macro_035_12.04.2012","12.04.2012","LUMBRICIDAE",NA,6,NA,NA,NA
"IT_Macro_035","IT_Macro_035_12.04.2012","12.04.2012","NAIDIDAE",NA,1100,NA,NA,NA
"IT_Macro_035","IT_Macro_035_12.04.2012","12.04.2012","SIMULIIDAE",NA,34,NA,NA,NA
"IT_Macro_035","IT_Macro_035_12.04.2012","12.04.2012","TUBIFICIDAE",NA,946,NA,NA,NA
"IT_Macro_035","IT_Macro_035_18.04.2013","18.04.2013","ASELLIDAE",NA,60,NA,NA,NA
"IT_Macro_035","IT_Macro_035_18.04.2013","18.04.2013","BAETIDAE",NA,90,NA,NA,NA
"IT_Macro_035","IT_Macro_035_18.04.2013","18.04.2013","CHIRONOMIDAE",NA,368,NA,NA,NA
"IT_Macro_035","IT_Macro_035_18.04.2013","18.04.2013","CORBICULIDAE",NA,2,NA,NA,NA
"IT_Macro_035","IT_Macro_035_18.04.2013","18.04.2013","DUGESIIDAE",NA,6,NA,NA,NA
"IT_Macro_035","IT_Macro_035_18.04.2013","18.04.2013","EPHEMERELLIDAE",NA,2,NA,NA,NA
"IT_Macro_035","IT_Macro_035_18.04.2013","18.04.2013","ERPOBDELLIDAE",NA,2,NA,NA,NA
"IT_Macro_035","IT_Macro_035_18.04.2013","18.04.2013","GAMMARIDAE",NA,2204,NA,NA,NA
"IT_Macro_035","IT_Macro_035_18.04.2013","18.04.2013","GLOSSIPHONIIDAE",NA,2,NA,NA,NA
"IT_Macro_035","IT_Macro_035_18.04.2013","18.04.2013","HYDROPSYCHIDAE",NA,8,NA,NA,NA
"IT_Macro_035","IT_Macro_035_18.04.2013","18.04.2013","NAIDIDAE",NA,2640,NA,NA,NA
"IT_Macro_035","IT_Macro_035_18.04.2013","18.04.2013","SIMULIIDAE",NA,14,NA,NA,NA
"IT_Macro_035","IT_Macro_035_18.04.2013","18.04.2013","TUBIFICIDAE",NA,1140,NA,NA,NA
"IT_Macro_035","IT_Macro_035_11.03.2015","11.03.2015","ASELLIDAE",NA,2,NA,NA,NA
"IT_Macro_035","IT_Macro_035_11.03.2015","11.03.2015","BAETIDAE",NA,304,NA,NA,NA
"IT_Macro_035","IT_Macro_035_11.03.2015","11.03.2015","CHIRONOMIDAE",NA,286,NA,NA,NA
"IT_Macro_035","IT_Macro_035_11.03.2015","11.03.2015","DUGESIIDAE",NA,2,NA,NA,NA
"IT_Macro_035","IT_Macro_035_11.03.2015","11.03.2015","ERPOBDELLIDAE",NA,2,NA,NA,NA
"IT_Macro_035","IT_Macro_035_11.03.2015","11.03.2015","GAMMARIDAE",NA,430,NA,NA,NA
"IT_Macro_035","IT_Macro_035_11.03.2015","11.03.2015","HYDROPSYCHIDAE",NA,26,NA,NA,NA
"IT_Macro_035","IT_Macro_035_11.03.2015","11.03.2015","NAIDIDAE",NA,4160,NA,NA,NA
"IT_Macro_035","IT_Macro_035_11.03.2015","11.03.2015","TUBIFICIDAE",NA,76,NA,NA,NA
"IT_Macro_035","IT_Macro_035_28.03.2018","28.03.2018","ANCYLIDAE",NA,2,NA,NA,NA
"IT_Macro_035","IT_Macro_035_28.03.2018","28.03.2018","ASELLIDAE",NA,124,NA,NA,NA
"IT_Macro_035","IT_Macro_035_28.03.2018","28.03.2018","BAETIDAE",NA,488,NA,NA,NA
"IT_Macro_035","IT_Macro_035_28.03.2018","28.03.2018","CAENIDAE",NA,4,NA,NA,NA
"IT_Macro_035","IT_Macro_035_28.03.2018","28.03.2018","CALOPTERYGIDAE",NA,4,NA,NA,NA
"IT_Macro_035","IT_Macro_035_28.03.2018","28.03.2018","CHIRONOMIDAE",NA,488,NA,NA,NA
"IT_Macro_035","IT_Macro_035_28.03.2018","28.03.2018","CORBICULIDAE",NA,4,NA,NA,NA
"IT_Macro_035","IT_Macro_035_28.03.2018","28.03.2018","DUGESIIDAE",NA,2,NA,NA,NA
"IT_Macro_035","IT_Macro_035_28.03.2018","28.03.2018","ERPOBDELLIDAE",NA,52,NA,NA,NA
"IT_Macro_035","IT_Macro_035_28.03.2018","28.03.2018","GAMMARIDAE",NA,1140,NA,NA,NA
"IT_Macro_035","IT_Macro_035_28.03.2018","28.03.2018","GLOSSIPHONIIDAE",NA,8,NA,NA,NA
"IT_Macro_035","IT_Macro_035_28.03.2018","28.03.2018","HYDROPSYCHIDAE",NA,48,NA,NA,NA
"IT_Macro_035","IT_Macro_035_28.03.2018","28.03.2018","LUMBRICIDAE",NA,28,NA,NA,NA
"IT_Macro_035","IT_Macro_035_28.03.2018","28.03.2018","LUMBRICULIDAE",NA,10,NA,NA,NA
"IT_Macro_035","IT_Macro_035_28.03.2018","28.03.2018","NAIDIDAE",NA,1560,NA,NA,NA
"IT_Macro_035","IT_Macro_035_28.03.2018","28.03.2018","PLATYCNEMIDIDAE",NA,2,NA,NA,NA
"IT_Macro_035","IT_Macro_035_28.03.2018","28.03.2018","SIMULIIDAE",NA,40,NA,NA,NA
"IT_Macro_035","IT_Macro_035_28.03.2018","28.03.2018","SPHAERIIDAE",NA,2,NA,NA,NA
"IT_Macro_035","IT_Macro_035_28.03.2018","28.03.2018","TUBIFICIDAE",NA,442,NA,NA,NA
"IT_Macro_036","IT_Macro_036_27.03.2009","27.03.2009","ASELLIDAE",NA,10,NA,NA,NA
"IT_Macro_036","IT_Macro_036_27.03.2009","27.03.2009","BAETIDAE",NA,40,NA,NA,NA
"IT_Macro_036","IT_Macro_036_27.03.2009","27.03.2009","CHIRONOMIDAE",NA,16,NA,NA,NA
"IT_Macro_036","IT_Macro_036_27.03.2009","27.03.2009","ELMIDAE",NA,2,NA,NA,NA
"IT_Macro_036","IT_Macro_036_27.03.2009","27.03.2009","ERPOBDELLIDAE",NA,2,NA,NA,NA
"IT_Macro_036","IT_Macro_036_27.03.2009","27.03.2009","GAMMARIDAE",NA,8,NA,NA,NA
"IT_Macro_036","IT_Macro_036_27.03.2009","27.03.2009","HYDROPSYCHIDAE",NA,2,NA,NA,NA
"IT_Macro_036","IT_Macro_036_27.03.2009","27.03.2009","NAIDIDAE",NA,150,NA,NA,NA
"IT_Macro_036","IT_Macro_036_27.03.2009","27.03.2009","TUBIFICIDAE",NA,66,NA,NA,NA
"IT_Macro_036","IT_Macro_036_10.04.2012","10.04.2012","ACROLOXIDAE",NA,2,NA,NA,NA
"IT_Macro_036","IT_Macro_036_10.04.2012","10.04.2012","ASELLIDAE",NA,706,NA,NA,NA
"IT_Macro_036","IT_Macro_036_10.04.2012","10.04.2012","CHIRONOMIDAE",NA,1566,NA,NA,NA
"IT_Macro_036","IT_Macro_036_10.04.2012","10.04.2012","ERPOBDELLIDAE",NA,2,NA,NA,NA
"IT_Macro_036","IT_Macro_036_10.04.2012","10.04.2012","GAMMARIDAE",NA,2392,NA,NA,NA
"IT_Macro_036","IT_Macro_036_10.04.2012","10.04.2012","GLOSSIPHONIIDAE",NA,2,NA,NA,NA
"IT_Macro_036","IT_Macro_036_10.04.2012","10.04.2012","GOMPHIDAE",NA,2,NA,NA,NA
"IT_Macro_036","IT_Macro_036_10.04.2012","10.04.2012","HEPTAGENIIDAE",NA,2,NA,NA,NA
"IT_Macro_036","IT_Macro_036_10.04.2012","10.04.2012","HYDROPSYCHIDAE",NA,4,NA,NA,NA
"IT_Macro_036","IT_Macro_036_10.04.2012","10.04.2012","NAIDIDAE",NA,1220,NA,NA,NA
"IT_Macro_036","IT_Macro_036_10.04.2012","10.04.2012","TUBIFICIDAE",NA,334,NA,NA,NA
"IT_Macro_036","IT_Macro_036_17.04.2013","17.04.2013","ASELLIDAE",NA,28,NA,NA,NA
"IT_Macro_036","IT_Macro_036_17.04.2013","17.04.2013","BAETIDAE",NA,62,NA,NA,NA
"IT_Macro_036","IT_Macro_036_17.04.2013","17.04.2013","CAENIDAE",NA,2,NA,NA,NA
"IT_Macro_036","IT_Macro_036_17.04.2013","17.04.2013","CHIRONOMIDAE",NA,318,NA,NA,NA
"IT_Macro_036","IT_Macro_036_17.04.2013","17.04.2013","GAMMARIDAE",NA,1240,NA,NA,NA
"IT_Macro_036","IT_Macro_036_17.04.2013","17.04.2013","LUMBRICIDAE",NA,2,NA,NA,NA
"IT_Macro_036","IT_Macro_036_17.04.2013","17.04.2013","NAIDIDAE",NA,1342,NA,NA,NA
"IT_Macro_036","IT_Macro_036_17.04.2013","17.04.2013","TUBIFICIDAE",NA,88,NA,NA,NA
"IT_Macro_036","IT_Macro_036_23.03.2015","23.03.2015","ASELLIDAE",NA,16,NA,NA,NA
"IT_Macro_036","IT_Macro_036_23.03.2015","23.03.2015","BAETIDAE",NA,30,NA,NA,NA
"IT_Macro_036","IT_Macro_036_23.03.2015","23.03.2015","CAENIDAE",NA,6,NA,NA,NA
"IT_Macro_036","IT_Macro_036_23.03.2015","23.03.2015","CHIRONOMIDAE",NA,26,NA,NA,NA
"IT_Macro_036","IT_Macro_036_23.03.2015","23.03.2015","DENDROCOELIDAE",NA,2,NA,NA,NA
"IT_Macro_036","IT_Macro_036_23.03.2015","23.03.2015","ERPOBDELLIDAE",NA,4,NA,NA,NA
"IT_Macro_036","IT_Macro_036_23.03.2015","23.03.2015","GAMMARIDAE",NA,2100,NA,NA,NA
"IT_Macro_036","IT_Macro_036_23.03.2015","23.03.2015","NAIDIDAE",NA,2390,NA,NA,NA
"IT_Macro_036","IT_Macro_036_23.03.2015","23.03.2015","TUBIFICIDAE",NA,32,NA,NA,NA
"IT_Macro_036","IT_Macro_036_27.03.2018","27.03.2018","ASELLIDAE",NA,2,NA,NA,NA
"IT_Macro_036","IT_Macro_036_27.03.2018","27.03.2018","BAETIDAE",NA,18,NA,NA,NA
"IT_Macro_036","IT_Macro_036_27.03.2018","27.03.2018","CHIRONOMIDAE",NA,6,NA,NA,NA
"IT_Macro_036","IT_Macro_036_27.03.2018","27.03.2018","GAMMARIDAE",NA,180,NA,NA,NA
"IT_Macro_036","IT_Macro_036_27.03.2018","27.03.2018","GLOSSIPHONIIDAE",NA,2,NA,NA,NA
"IT_Macro_036","IT_Macro_036_27.03.2018","27.03.2018","HYDROPSYCHIDAE",NA,2,NA,NA,NA
"IT_Macro_036","IT_Macro_036_27.03.2018","27.03.2018","LUMBRICIDAE",NA,2,NA,NA,NA
"IT_Macro_036","IT_Macro_036_27.03.2018","27.03.2018","MERMITHIDAE",NA,2,NA,NA,NA
"IT_Macro_036","IT_Macro_036_27.03.2018","27.03.2018","NAIDIDAE",NA,110,NA,NA,NA
"IT_Macro_036","IT_Macro_036_27.03.2018","27.03.2018","TUBIFICIDAE",NA,108,NA,NA,NA
