site_id,sample_id,sampling_date,sampling_method
1,614830,20.10.2004,1.5mm mesh kitchen strainer kick net
1,614832,03.09.2005,1.5mm mesh kitchen strainer kick net
1,614833,16.09.2006,1.5mm mesh kitchen strainer kick net
1,614834,25.09.2007,1.5mm mesh kitchen strainer kick net
1,614835,16.09.2008,1.5mm mesh kitchen strainer kick net
1,614836,19.09.2009,1.5mm mesh kitchen strainer kick net
1,614837,04.09.2010,1.5mm mesh kitchen strainer kick net
1,614838,04.10.2011,1.5mm mesh kitchen strainer kick net
1,614659,13.09.2012,1.5mm mesh kitchen strainer kick net
1,614660,15.09.2013,1.5mm mesh kitchen strainer kick net
1,281282,15.09.2014,1.5mm mesh kitchen strainer kick net
1,627058,13.09.2015,1.5mm mesh kitchen strainer kick net
1,627175,09.09.2016,1.5mm mesh kitchen strainer kick net
1,729894,17.09.2017,1.5mm mesh kitchen strainer kick net
1,775711,11.09.2018,1.5mm mesh kitchen strainer kick net
1,830358,20.09.2019,1.5mm mesh kitchen strainer kick net
2,650231,24.09.1996,0.5mm net kick net
2,650233,17.09.1997,0.5mm net kick net
2,650235,08.09.1998,0.5mm net kick net
2,650238,08.09.1999,0.5mm net kick net
2,650237,14.09.1999,0.5mm net kick net
2,650240,28.09.2000,0.5mm net kick net
2,650242,18.09.2001,0.5mm net kick net
2,650244,18.09.2002,0.5mm net kick net
2,650246,23.09.2003,0.5mm net kick net
2,650248,27.09.2004,0.5mm net kick net
2,650250,07.09.2005,0.5mm net kick net
2,650252,28.09.2006,0.5mm net kick net
2,650230,25.06.1996,0.5mm net kick net
2,650232,27.06.1997,0.5mm net kick net
2,650234,24.06.1998,0.5mm net kick net
2,650236,15.06.1999,0.5mm net kick net
2,650239,27.06.2000,0.5mm net kick net
2,650241,26.06.2001,0.5mm net kick net
2,650243,03.06.2002,0.5mm net kick net
2,650245,17.06.2003,0.5mm net kick net
2,650247,10.06.2004,0.5mm net kick net
2,650249,30.06.2005,0.5mm net kick net
2,650251,31.05.2006,0.5mm net kick net
3,383624,20.10.1997,0.5mm net kick net
3,383625,29.09.2000,0.5mm net kick net
3,383627,18.09.2001,0.5mm net kick net
3,383628,27.09.2002,0.5mm net kick net
3,383630,22.09.2003,0.5mm net kick net
3,383631,16.09.2004,0.5mm net kick net
3,383632,16.09.2005,0.5mm net kick net
3,383633,13.09.2006,0.5mm net kick net
3,383634,25.09.2007,0.5mm net kick net
3,383635,23.09.2008,0.5mm net kick net
3,383636,01.10.2009,0.5mm net kick net
3,383637,13.09.2010,0.5mm net kick net
3,219355,11.09.2011,0.5mm net kick net
3,219356,12.09.2012,0.5mm net kick net
3,355939,19.09.2013,0.5mm net kick net
3,303286,17.09.2014,0.5mm net kick net
3,752229,06.10.2016,0.5mm net kick net
3,730342,05.10.2017,0.5mm net kick net
3,776346,22.09.2018,0.5mm net kick net
3,823008,24.09.2019,0.5mm net kick net
4,219655,05.06.2006,0.5mm net kick net
4,219656,17.04.2007,0.5mm net kick net
4,219657,06.05.2008,0.5mm net kick net
4,219658,21.04.2009,0.5mm net kick net
4,219659,26.04.2011,0.5mm net kick net
4,467571,30.04.2013,0.5mm net kick net
4,722379,25.04.2014,0.5mm net kick net
4,722380,27.04.2015,0.5mm net kick net
4,722381,11.05.2016,0.5mm net kick net
4,722382,18.05.2017,0.5mm net kick net
5,383709,18.11.2001,0.5mm net kick net
5,383710,02.12.2003,0.5mm net kick net
5,383711,21.10.2004,0.5mm net kick net
5,383712,24.11.2005,0.5mm net kick net
5,383713,29.12.2006,0.5mm net kick net
5,383714,20.11.2007,0.5mm net kick net
5,383715,27.11.2008,0.5mm net kick net
5,383716,27.10.2009,0.5mm net kick net
5,383717,17.11.2010,0.5mm net kick net
5,219375,01.11.2011,0.5mm net kick net
5,219376,20.11.2012,0.5mm net kick net
5,355959,08.10.2013,0.5mm net kick net
5,297094,27.11.2014,0.5mm net kick net
5,380395,14.10.2015,0.5mm net kick net
5,581332,24.10.2016,0.5mm net kick net
5,716304,19.10.2017,0.5mm net kick net
5,765534,15.10.2018,0.5mm net kick net
5,823022,23.10.2019,0.5mm net kick net
6,614848,21.10.2004,1.5mm mesh kitchen strainer kick net
6,614850,11.09.2005,1.5mm mesh kitchen strainer kick net
6,614851,20.09.2006,1.5mm mesh kitchen strainer kick net
6,614852,27.09.2007,1.5mm mesh kitchen strainer kick net
6,614853,19.09.2008,1.5mm mesh kitchen strainer kick net
6,614854,22.09.2009,1.5mm mesh kitchen strainer kick net
6,614855,19.09.2010,1.5mm mesh kitchen strainer kick net
6,614856,02.10.2011,1.5mm mesh kitchen strainer kick net
6,614663,24.09.2012,1.5mm mesh kitchen strainer kick net
6,614664,24.09.2013,1.5mm mesh kitchen strainer kick net
6,281284,22.09.2014,1.5mm mesh kitchen strainer kick net
6,627060,16.09.2015,1.5mm mesh kitchen strainer kick net
6,627177,05.09.2016,1.5mm mesh kitchen strainer kick net
6,729896,08.09.2017,1.5mm mesh kitchen strainer kick net
6,775713,07.09.2018,1.5mm mesh kitchen strainer kick net
6,830360,08.09.2019,1.5mm mesh kitchen strainer kick net
7,219661,04.06.2006,0.5mm net kick net
7,219662,25.04.2007,0.5mm net kick net
7,219663,23.04.2008,0.5mm net kick net
7,219664,21.04.2009,0.5mm net kick net
7,219665,28.04.2011,0.5mm net kick net
7,467588,02.05.2013,0.5mm net kick net
7,722444,10.04.2014,0.5mm net kick net
7,722445,06.05.2015,0.5mm net kick net
7,722446,19.05.2016,0.5mm net kick net
7,722447,19.05.2017,0.5mm net kick net
8,242858,07.11.2007,0.5mm net kick net
8,242846,07.10.2008,0.5mm net kick net
8,244474,07.10.2009,0.5mm net kick net
8,241500,18.11.2010,0.5mm net kick net
8,241501,06.10.2011,0.5mm net kick net
8,243573,07.11.2012,0.5mm net kick net
8,252356,27.12.2013,0.5mm net kick net
8,282407,23.11.2014,0.5mm net kick net
8,443758,17.11.2015,0.5mm net kick net
8,716048,15.10.2016,0.5mm net kick net
8,747819,16.10.2017,0.5mm net kick net
8,776198,05.10.2018,0.5mm net kick net
9,242860,18.10.2007,0.5mm net kick net
9,242851,06.10.2008,0.5mm net kick net
9,244476,07.10.2009,0.5mm net kick net
9,241507,26.10.2011,0.5mm net kick net
9,243575,24.10.2012,0.5mm net kick net
9,282412,11.11.2014,0.5mm net kick net
9,443759,27.11.2015,0.5mm net kick net
9,716050,01.10.2016,0.5mm net kick net
9,747824,20.11.2017,0.5mm net kick net
9,776200,01.10.2018,0.5mm net kick net
12,219679,04.06.2006,0.5mm net kick net
12,219680,17.04.2007,0.5mm net kick net
12,219681,06.05.2008,0.5mm net kick net
12,219682,29.04.2009,0.5mm net kick net
12,219683,26.04.2011,0.5mm net kick net
12,467574,01.05.2013,0.5mm net kick net
12,722388,25.04.2014,0.5mm net kick net
12,722389,27.04.2015,0.5mm net kick net
12,722390,11.05.2016,0.5mm net kick net
12,722391,18.05.2017,0.5mm net kick net
13,242215,05.10.2006,0.5mm net kick net
13,242928,05.10.2007,0.5mm net kick net
13,242924,22.10.2008,0.5mm net kick net
13,244555,05.10.2009,0.5mm net kick net
13,241538,18.10.2010,0.5mm net kick net
13,243653,10.10.2011,0.5mm net kick net
13,243650,03.10.2012,0.5mm net kick net
13,251143,09.10.2013,0.5mm net kick net
13,352203,05.10.2014,0.5mm net kick net
13,467615,05.10.2015,0.5mm net kick net
13,716079,21.10.2016,0.5mm net kick net
13,747869,04.10.2017,0.5mm net kick net
13,776204,04.10.2018,0.5mm net kick net
14,235189,05.10.2006,0.5mm net kick net
14,242929,05.10.2007,0.5mm net kick net
14,242925,22.10.2008,0.5mm net kick net
14,244556,05.10.2009,0.5mm net kick net
14,241539,18.10.2010,0.5mm net kick net
14,243654,10.10.2011,0.5mm net kick net
14,243651,03.10.2012,0.5mm net kick net
14,251144,09.10.2013,0.5mm net kick net
14,352204,05.10.2014,0.5mm net kick net
14,467616,05.10.2015,0.5mm net kick net
14,716080,21.10.2016,0.5mm net kick net
14,747870,04.10.2017,0.5mm net kick net
14,776205,04.10.2018,0.5mm net kick net
15,219684,06.06.2006,0.5mm net kick net
15,219685,24.04.2007,0.5mm net kick net
15,219686,24.04.2008,0.5mm net kick net
15,219687,23.03.2009,0.5mm net kick net
15,219688,25.04.2011,0.5mm net kick net
15,467585,29.04.2013,0.5mm net kick net
15,722432,09.04.2014,0.5mm net kick net
15,722433,23.04.2015,0.5mm net kick net
15,722434,10.05.2016,0.5mm net kick net
15,722435,23.05.2017,0.5mm net kick net
17,614857,21.10.2004,1.5mm mesh kitchen strainer kick net
17,614859,11.09.2005,1.5mm mesh kitchen strainer kick net
17,614860,20.09.2006,1.5mm mesh kitchen strainer kick net
17,614861,27.09.2007,1.5mm mesh kitchen strainer kick net
17,614862,19.09.2008,1.5mm mesh kitchen strainer kick net
17,614863,22.09.2009,1.5mm mesh kitchen strainer kick net
17,614864,19.09.2010,1.5mm mesh kitchen strainer kick net
17,614865,02.10.2011,1.5mm mesh kitchen strainer kick net
17,614665,24.09.2012,1.5mm mesh kitchen strainer kick net
17,614666,24.09.2013,1.5mm mesh kitchen strainer kick net
17,281285,22.09.2014,1.5mm mesh kitchen strainer kick net
17,627061,16.09.2015,1.5mm mesh kitchen strainer kick net
17,627178,05.09.2016,1.5mm mesh kitchen strainer kick net
17,729897,08.09.2017,1.5mm mesh kitchen strainer kick net
17,775714,07.09.2018,1.5mm mesh kitchen strainer kick net
17,830361,09.09.2019,1.5mm mesh kitchen strainer kick net
18,650146,24.06.1996,0.5mm net kick net
18,650148,25.06.1997,0.5mm net kick net
18,650150,24.06.1998,0.5mm net kick net
18,650152,14.06.1999,0.5mm net kick net
18,650155,07.06.2000,0.5mm net kick net
18,650154,26.06.2000,0.5mm net kick net
18,650158,26.06.2001,0.5mm net kick net
18,650160,13.06.2002,0.5mm net kick net
18,650162,17.06.2003,0.5mm net kick net
18,650164,09.06.2004,0.5mm net kick net
18,650166,28.06.2005,0.5mm net kick net
18,650168,07.06.2006,0.5mm net kick net
19,383685,02.10.2007,0.5mm net kick net
19,383686,16.10.2008,0.5mm net kick net
19,383687,24.10.2009,0.5mm net kick net
19,383688,06.10.2010,0.5mm net kick net
19,219367,03.10.2011,0.5mm net kick net
19,219368,20.11.2012,0.5mm net kick net
19,355957,01.10.2013,0.5mm net kick net
19,303294,07.10.2014,0.5mm net kick net
19,467431,08.10.2015,0.5mm net kick net
19,752237,02.10.2016,0.5mm net kick net
19,730351,03.10.2017,0.5mm net kick net
19,777441,07.11.2018,0.5mm net kick net
19,858060,01.10.2019,0.5mm net kick net
20,219689,02.06.2006,0.5mm net kick net
20,219690,17.04.2007,0.5mm net kick net
20,219691,22.04.2008,0.5mm net kick net
20,219692,14.04.2009,0.5mm net kick net
20,219693,26.04.2011,0.5mm net kick net
20,467581,28.04.2013,0.5mm net kick net
20,722416,10.04.2014,0.5mm net kick net
20,722417,28.04.2015,0.5mm net kick net
20,722418,22.05.2017,0.5mm net kick net
21,383613,02.10.2000,0.5mm net kick net
21,383614,10.10.2001,0.5mm net kick net
21,383615,01.10.2002,0.5mm net kick net
21,383616,07.10.2003,0.5mm net kick net
21,383617,22.09.2004,0.5mm net kick net
21,383618,20.09.2005,0.5mm net kick net
21,383619,27.09.2006,0.5mm net kick net
21,383620,02.10.2007,0.5mm net kick net
21,383621,26.09.2008,0.5mm net kick net
21,383622,05.10.2009,0.5mm net kick net
21,383623,27.09.2010,0.5mm net kick net
21,219353,14.10.2011,0.5mm net kick net
21,219354,29.10.2012,0.5mm net kick net
21,355933,16.10.2013,0.5mm net kick net
21,303282,20.10.2014,0.5mm net kick net
21,467421,28.09.2015,0.5mm net kick net
21,752226,10.10.2016,0.5mm net kick net
21,730339,02.10.2017,0.5mm net kick net
21,777437,16.10.2018,0.5mm net kick net
21,858048,18.09.2019,0.5mm net kick net
22,614884,02.11.2004,1.5mm mesh kitchen strainer kick net
22,614886,26.09.2005,1.5mm mesh kitchen strainer kick net
22,614887,21.09.2006,1.5mm mesh kitchen strainer kick net
22,614888,18.09.2007,1.5mm mesh kitchen strainer kick net
22,614889,15.09.2008,1.5mm mesh kitchen strainer kick net
22,614890,15.09.2009,1.5mm mesh kitchen strainer kick net
22,614891,27.09.2010,1.5mm mesh kitchen strainer kick net
22,614892,22.09.2011,1.5mm mesh kitchen strainer kick net
22,614671,16.09.2012,1.5mm mesh kitchen strainer kick net
22,614672,11.09.2013,1.5mm mesh kitchen strainer kick net
22,281288,19.09.2014,1.5mm mesh kitchen strainer kick net
22,627064,07.09.2015,1.5mm mesh kitchen strainer kick net
22,627181,10.09.2016,1.5mm mesh kitchen strainer kick net
22,729900,11.09.2017,1.5mm mesh kitchen strainer kick net
22,775717,09.09.2018,1.5mm mesh kitchen strainer kick net
22,830364,05.09.2019,1.5mm mesh kitchen strainer kick net
23,542985,28.10.1997,0.5mm net kick net
23,542987,20.10.1998,0.5mm net kick net
23,542989,28.10.1999,0.5mm net kick net
23,542990,26.10.2000,0.5mm net kick net
23,542992,23.10.2001,0.5mm net kick net
23,542993,30.10.2002,0.5mm net kick net
23,542994,20.10.2003,0.5mm net kick net
23,542995,18.10.2004,0.5mm net kick net
23,542996,18.10.2005,0.5mm net kick net
23,542998,24.10.2007,0.5mm net kick net
23,543000,28.10.2009,0.5mm net kick net
23,543001,20.10.2010,0.5mm net kick net
23,219432,19.10.2011,0.5mm net kick net
23,219433,17.10.2012,0.5mm net kick net
23,500059,22.10.2014,0.5mm net kick net
23,500060,21.10.2015,0.5mm net kick net
23,651622,09.11.2016,0.5mm net kick net
23,736683,30.10.2017,0.5mm net kick net
25,242261,03.11.2006,Ekman
25,242972,15.11.2007,Ekman
25,242973,17.10.2008,Ekman
25,241579,28.10.2010,Ekman
25,243701,27.10.2011,Ekman
25,250848,25.10.2012,Ekman
25,307370,16.10.2013,Ekman
25,468012,17.10.2014,Ekman
25,716118,06.11.2015,Ekman
25,719113,13.10.2016,Ekman
25,747915,02.11.2017,Ekman
26,242262,03.11.2006,Ekman
26,242974,15.11.2007,Ekman
26,242975,17.10.2008,Ekman
26,241580,28.10.2010,Ekman
26,243702,27.10.2011,Ekman
26,250849,25.10.2012,Ekman
26,307371,16.10.2013,Ekman
26,468013,17.10.2014,Ekman
26,716119,06.11.2015,Ekman
26,747916,02.11.2017,Ekman
28,242270,17.05.2006,0.5mm net kick net
28,242986,10.04.2007,0.5mm net kick net
28,242987,21.05.2008,0.5mm net kick net
28,244615,28.04.2009,0.5mm net kick net
28,241588,06.05.2010,0.5mm net kick net
28,243715,27.04.2011,0.5mm net kick net
28,243709,19.04.2012,0.5mm net kick net
28,251151,13.05.2013,0.5mm net kick net
28,352251,15.04.2014,0.5mm net kick net
28,716126,14.04.2015,0.5mm net kick net
28,716130,26.04.2016,0.5mm net kick net
28,747924,24.04.2017,0.5mm net kick net
28,788587,18.04.2018,0.5mm net kick net
29,383851,16.10.2007,0.5mm net kick net
29,383853,15.10.2009,0.5mm net kick net
29,383854,21.10.2010,0.5mm net kick net
29,219345,19.10.2011,0.5mm net kick net
29,219346,16.10.2012,0.5mm net kick net
29,355953,17.10.2013,0.5mm net kick net
29,303292,14.10.2014,0.5mm net kick net
29,467429,06.10.2015,0.5mm net kick net
29,752235,11.10.2016,0.5mm net kick net
29,730349,12.10.2017,0.5mm net kick net
29,776350,11.10.2018,0.5mm net kick net
29,858058,14.10.2019,0.5mm net kick net
30,542965,22.10.1997,0.5mm net kick net
30,542967,21.10.1998,0.5mm net kick net
30,542969,27.10.1999,0.5mm net kick net
30,542970,23.10.2000,0.5mm net kick net
30,542972,23.10.2001,0.5mm net kick net
30,542973,27.10.2002,0.5mm net kick net
30,542974,22.10.2003,0.5mm net kick net
30,542975,18.10.2004,0.5mm net kick net
30,542976,19.10.2005,0.5mm net kick net
30,542977,25.10.2006,0.5mm net kick net
30,542978,25.10.2007,0.5mm net kick net
30,542979,20.10.2008,0.5mm net kick net
30,542980,29.10.2009,0.5mm net kick net
31,614984,10.09.2005,1.5mm mesh kitchen strainer kick net
31,614985,21.09.2006,1.5mm mesh kitchen strainer kick net
31,614986,28.09.2007,1.5mm mesh kitchen strainer kick net
31,614987,18.09.2008,1.5mm mesh kitchen strainer kick net
31,614988,21.09.2009,1.5mm mesh kitchen strainer kick net
31,614989,18.09.2010,1.5mm mesh kitchen strainer kick net
31,614990,01.10.2011,1.5mm mesh kitchen strainer kick net
31,614691,23.09.2012,1.5mm mesh kitchen strainer kick net
31,614692,23.09.2013,1.5mm mesh kitchen strainer kick net
31,281297,21.09.2014,1.5mm mesh kitchen strainer kick net
31,627187,04.09.2016,1.5mm mesh kitchen strainer kick net
31,729906,07.09.2017,1.5mm mesh kitchen strainer kick net
31,775723,06.09.2018,1.5mm mesh kitchen strainer kick net
31,830370,30.09.2019,1.5mm mesh kitchen strainer kick net
32,219700,06.06.2006,0.5mm net kick net
32,219701,24.04.2007,0.5mm net kick net
32,219702,24.04.2008,0.5mm net kick net
32,219703,23.03.2009,0.5mm net kick net
32,219704,25.04.2011,0.5mm net kick net
32,467586,29.04.2013,0.5mm net kick net
32,722436,09.04.2014,0.5mm net kick net
32,722437,23.04.2015,0.5mm net kick net
32,722438,10.05.2016,0.5mm net kick net
32,722439,23.05.2017,0.5mm net kick net
33,242271,17.05.2006,0.5mm net kick net
33,242988,10.04.2007,0.5mm net kick net
33,242989,21.05.2008,0.5mm net kick net
33,244616,28.04.2009,0.5mm net kick net
33,241590,06.05.2010,0.5mm net kick net
33,243716,27.04.2011,0.5mm net kick net
33,243710,19.04.2012,0.5mm net kick net
33,251152,13.05.2013,0.5mm net kick net
33,352252,14.04.2014,0.5mm net kick net
33,716127,14.04.2015,0.5mm net kick net
33,716131,26.04.2016,0.5mm net kick net
33,747926,24.04.2017,0.5mm net kick net
33,788588,18.04.2018,0.5mm net kick net
34,614950,07.09.2005,1.5mm mesh kitchen strainer kick net
34,614951,25.09.2006,1.5mm mesh kitchen strainer kick net
34,614952,03.10.2007,1.5mm mesh kitchen strainer kick net
34,614953,25.09.2008,1.5mm mesh kitchen strainer kick net
34,614954,28.09.2009,1.5mm mesh kitchen strainer kick net
34,614955,23.09.2010,1.5mm mesh kitchen strainer kick net
34,614956,28.09.2011,1.5mm mesh kitchen strainer kick net
34,614684,26.09.2012,1.5mm mesh kitchen strainer kick net
34,614685,27.09.2013,1.5mm mesh kitchen strainer kick net
34,281293,26.09.2014,1.5mm mesh kitchen strainer kick net
34,627067,08.10.2015,1.5mm mesh kitchen strainer kick net
34,627184,18.09.2016,1.5mm mesh kitchen strainer kick net
34,729903,23.09.2017,1.5mm mesh kitchen strainer kick net
34,775720,21.09.2018,1.5mm mesh kitchen strainer kick net
34,830367,25.09.2019,1.5mm mesh kitchen strainer kick net
36,383762,10.10.2007,0.5mm net kick net
36,383763,17.09.2008,0.5mm net kick net
36,383764,14.09.2009,0.5mm net kick net
36,383765,31.08.2010,0.5mm net kick net
36,219399,30.08.2011,0.5mm net kick net
36,219400,03.09.2012,0.5mm net kick net
36,355932,02.09.2013,0.5mm net kick net
36,303281,31.08.2014,0.5mm net kick net
36,467420,31.08.2015,0.5mm net kick net
36,581314,26.08.2016,0.5mm net kick net
36,730338,11.10.2017,0.5mm net kick net
36,776344,24.10.2018,0.5mm net kick net
36,858047,03.10.2019,0.5mm net kick net
41,242124,18.10.2006,0.5mm net kick net
41,242840,23.10.2007,0.5mm net kick net
41,242801,20.10.2008,0.5mm net kick net
41,244413,06.10.2009,0.5mm net kick net
41,241424,05.10.2010,0.5mm net kick net
41,241338,05.10.2011,0.5mm net kick net
41,243532,03.10.2012,0.5mm net kick net
41,250736,03.10.2013,0.5mm net kick net
41,467899,09.10.2015,0.5mm net kick net
41,715979,06.10.2016,0.5mm net kick net
41,747729,03.10.2017,0.5mm net kick net
42,240847,16.06.1996,Surber
42,240848,17.06.1997,Surber
42,240832,26.05.1998,Surber
42,240833,03.06.1999,Surber
42,240837,11.06.2001,Surber
42,240839,22.05.2002,Surber
42,240841,03.06.2003,Surber
42,240842,01.06.2004,Surber
42,240845,08.06.2005,Surber
42,240846,06.06.2006,Surber
43,242196,22.11.2006,0.5mm net kick net
43,242902,20.11.2007,0.5mm net kick net
43,244533,02.10.2008,0.5mm net kick net
43,244534,04.10.2009,0.5mm net kick net
43,241526,08.10.2010,0.5mm net kick net
43,243614,23.10.2011,0.5mm net kick net
43,243615,28.09.2012,0.5mm net kick net
43,250843,13.10.2013,0.5mm net kick net
43,352198,03.10.2014,0.5mm net kick net
43,467981,27.10.2015,0.5mm net kick net
43,716069,30.10.2016,0.5mm net kick net
44,614992,10.09.2005,1.5mm mesh kitchen strainer kick net
44,614993,21.09.2006,1.5mm mesh kitchen strainer kick net
44,614994,28.09.2007,1.5mm mesh kitchen strainer kick net
44,614995,18.09.2008,1.5mm mesh kitchen strainer kick net
44,614996,21.09.2009,1.5mm mesh kitchen strainer kick net
44,614997,18.09.2010,1.5mm mesh kitchen strainer kick net
44,614998,01.10.2011,1.5mm mesh kitchen strainer kick net
44,614693,23.09.2012,1.5mm mesh kitchen strainer kick net
44,614694,23.09.2013,1.5mm mesh kitchen strainer kick net
44,281298,21.09.2014,1.5mm mesh kitchen strainer kick net
44,627071,15.09.2015,1.5mm mesh kitchen strainer kick net
44,627188,04.09.2016,1.5mm mesh kitchen strainer kick net
44,729907,07.09.2017,1.5mm mesh kitchen strainer kick net
44,775724,06.09.2018,1.5mm mesh kitchen strainer kick net
44,830371,30.09.2019,1.5mm mesh kitchen strainer kick net
45,383700,22.10.2001,0.5mm net kick net
45,383701,10.11.2003,0.5mm net kick net
45,383702,11.10.2004,0.5mm net kick net
45,383703,28.10.2005,0.5mm net kick net
45,383704,28.10.2006,0.5mm net kick net
45,383705,05.11.2007,0.5mm net kick net
45,383706,23.10.2008,0.5mm net kick net
45,383707,09.10.2009,0.5mm net kick net
45,383708,22.10.2010,0.5mm net kick net
45,219373,13.10.2011,0.5mm net kick net
45,219374,01.10.2012,0.5mm net kick net
45,355949,01.10.2013,0.5mm net kick net
45,303290,02.10.2014,0.5mm net kick net
45,467427,06.10.2015,0.5mm net kick net
45,752233,04.10.2016,0.5mm net kick net
45,730347,11.10.2017,0.5mm net kick net
45,777440,30.10.2018,0.5mm net kick net
45,858056,19.10.2019,0.5mm net kick net
46,614803,23.10.2004,1.5mm mesh kitchen strainer kick net
46,614805,02.09.2005,1.5mm mesh kitchen strainer kick net
46,614806,19.09.2006,1.5mm mesh kitchen strainer kick net
46,614807,21.09.2007,1.5mm mesh kitchen strainer kick net
46,614808,21.09.2008,1.5mm mesh kitchen strainer kick net
46,614809,23.09.2009,1.5mm mesh kitchen strainer kick net
46,614810,07.09.2010,1.5mm mesh kitchen strainer kick net
46,614811,09.09.2011,1.5mm mesh kitchen strainer kick net
46,614654,18.09.2012,1.5mm mesh kitchen strainer kick net
46,614655,17.09.2013,1.5mm mesh kitchen strainer kick net
46,281280,17.09.2014,1.5mm mesh kitchen strainer kick net
46,627056,17.09.2014,1.5mm mesh kitchen strainer kick net
46,627057,14.09.2015,1.5mm mesh kitchen strainer kick net
46,627174,12.09.2016,1.5mm mesh kitchen strainer kick net
46,729893,13.09.2017,1.5mm mesh kitchen strainer kick net
46,775710,14.09.2018,1.5mm mesh kitchen strainer kick net
46,830357,13.09.2019,1.5mm mesh kitchen strainer kick net
47,614731,01.11.2004,1.5mm mesh kitchen strainer kick net
47,614733,23.09.2005,1.5mm mesh kitchen strainer kick net
47,614734,06.10.2006,1.5mm mesh kitchen strainer kick net
47,614735,01.10.2007,1.5mm mesh kitchen strainer kick net
47,614736,27.09.2008,1.5mm mesh kitchen strainer kick net
47,614737,29.09.2009,1.5mm mesh kitchen strainer kick net
47,614738,26.09.2010,1.5mm mesh kitchen strainer kick net
47,614739,01.10.2011,1.5mm mesh kitchen strainer kick net
47,614641,25.09.2012,1.5mm mesh kitchen strainer kick net
47,614642,17.09.2013,1.5mm mesh kitchen strainer kick net
47,281275,26.09.2014,1.5mm mesh kitchen strainer kick net
47,627051,13.09.2015,1.5mm mesh kitchen strainer kick net
47,627169,18.09.2016,1.5mm mesh kitchen strainer kick net
47,729888,19.09.2017,1.5mm mesh kitchen strainer kick net
47,775705,15.09.2018,1.5mm mesh kitchen strainer kick net
47,830352,11.09.2019,1.5mm mesh kitchen strainer kick net
48,615015,19.09.2006,1.5mm mesh kitchen strainer kick net
48,615016,22.09.2007,1.5mm mesh kitchen strainer kick net
48,615017,21.09.2008,1.5mm mesh kitchen strainer kick net
48,615018,24.09.2009,1.5mm mesh kitchen strainer kick net
48,615019,07.09.2010,1.5mm mesh kitchen strainer kick net
48,615020,09.09.2011,1.5mm mesh kitchen strainer kick net
48,614699,19.09.2012,1.5mm mesh kitchen strainer kick net
48,614700,18.09.2013,1.5mm mesh kitchen strainer kick net
48,281301,18.09.2014,1.5mm mesh kitchen strainer kick net
48,627074,19.09.2015,1.5mm mesh kitchen strainer kick net
48,627191,10.09.2016,1.5mm mesh kitchen strainer kick net
48,729910,15.09.2017,1.5mm mesh kitchen strainer kick net
48,775727,14.09.2018,1.5mm mesh kitchen strainer kick net
48,830374,12.09.2019,1.5mm mesh kitchen strainer kick net
49,242205,21.10.2006,0.5mm net kick net
49,242905,20.11.2007,0.5mm net kick net
49,242906,29.10.2008,0.5mm net kick net
49,244545,20.11.2009,0.5mm net kick net
49,241528,15.11.2010,0.5mm net kick net
49,243636,26.10.2011,0.5mm net kick net
49,243628,17.10.2012,0.5mm net kick net
49,307350,01.10.2013,0.5mm net kick net
49,716070,23.10.2015,0.5mm net kick net
50,219731,06.06.2006,0.5mm net kick net
50,219732,02.05.2007,0.5mm net kick net
50,219733,23.04.2008,0.5mm net kick net
50,219734,06.04.2009,0.5mm net kick net
50,219735,27.04.2011,0.5mm net kick net
50,467578,29.04.2013,0.5mm net kick net
50,722405,11.04.2014,0.5mm net kick net
50,722406,05.05.2015,0.5mm net kick net
50,722407,12.05.2016,0.5mm net kick net
51,219736,04.06.2006,0.5mm net kick net
51,219737,02.05.2007,0.5mm net kick net
51,219738,23.04.2008,0.5mm net kick net
51,219739,07.04.2009,0.5mm net kick net
51,219740,27.04.2011,0.5mm net kick net
51,467576,29.04.2013,0.5mm net kick net
51,722397,10.04.2014,0.5mm net kick net
51,722398,05.05.2015,0.5mm net kick net
51,722399,12.05.2016,0.5mm net kick net
51,722400,23.05.2017,0.5mm net kick net
52,219741,06.06.2006,0.5mm net kick net
52,219742,02.05.2007,0.5mm net kick net
52,219743,23.04.2008,0.5mm net kick net
52,219744,06.04.2009,0.5mm net kick net
52,219745,27.04.2011,0.5mm net kick net
52,467577,23.04.2013,0.5mm net kick net
52,722401,10.04.2014,0.5mm net kick net
52,722402,05.05.2015,0.5mm net kick net
52,722403,12.05.2016,0.5mm net kick net
52,722404,23.05.2017,0.5mm net kick net
53,242148,19.10.2006,0.5mm net kick net
53,242155,23.10.2007,0.5mm net kick net
53,242813,20.10.2008,0.5mm net kick net
53,244428,06.10.2009,0.5mm net kick net
53,241430,05.10.2010,0.5mm net kick net
53,241343,05.10.2011,0.5mm net kick net
53,243545,03.10.2012,0.5mm net kick net
53,250738,03.10.2013,0.5mm net kick net
53,307305,09.10.2014,0.5mm net kick net
53,467904,09.10.2015,0.5mm net kick net
53,715983,05.10.2016,0.5mm net kick net
53,747734,03.10.2017,0.5mm net kick net
53,776145,02.10.2018,0.5mm net kick net
58,383754,03.10.2007,0.5mm net kick net
58,383755,29.09.2008,0.5mm net kick net
58,219395,13.10.2011,0.5mm net kick net
58,219396,16.10.2012,0.5mm net kick net
58,355937,15.10.2013,0.5mm net kick net
58,303283,08.10.2014,0.5mm net kick net
58,467422,30.09.2015,0.5mm net kick net
58,752227,18.10.2016,0.5mm net kick net
58,730340,11.10.2017,0.5mm net kick net
58,776345,23.10.2018,0.5mm net kick net
58,858049,02.10.2019,0.5mm net kick net
59,383766,27.09.2007,0.5mm net kick net
59,383767,09.09.2008,0.5mm net kick net
59,383768,11.10.2009,0.5mm net kick net
59,383769,28.08.2010,0.5mm net kick net
59,219401,15.09.2011,0.5mm net kick net
59,219402,07.09.2012,0.5mm net kick net
59,355971,07.09.2013,0.5mm net kick net
59,297101,08.09.2014,0.5mm net kick net
59,380405,09.09.2015,0.5mm net kick net
59,581342,05.09.2016,0.5mm net kick net
59,716313,09.09.2017,0.5mm net kick net
59,765543,08.09.2018,0.5mm net kick net
59,823032,16.09.2019,0.5mm net kick net
60,243000,29.10.2008,0.5mm net kick net
60,244628,20.11.2009,0.5mm net kick net
60,241597,20.10.2010,0.5mm net kick net
60,243733,26.10.2011,0.5mm net kick net
60,243730,17.10.2012,0.5mm net kick net
60,250813,07.10.2013,0.5mm net kick net
60,352257,10.10.2014,0.5mm net kick net
60,467634,29.10.2015,0.5mm net kick net
60,716141,14.11.2016,0.5mm net kick net
60,747933,03.10.2017,0.5mm net kick net
60,788604,24.10.2018,0.5mm net kick net
61,614839,20.10.2004,1.5mm mesh kitchen strainer kick net
61,614841,03.09.2005,1.5mm mesh kitchen strainer kick net
61,614842,16.09.2006,1.5mm mesh kitchen strainer kick net
61,614843,25.09.2007,1.5mm mesh kitchen strainer kick net
61,614844,16.09.2008,1.5mm mesh kitchen strainer kick net
61,614845,18.09.2009,1.5mm mesh kitchen strainer kick net
61,614846,04.09.2010,1.5mm mesh kitchen strainer kick net
61,614847,04.10.2011,1.5mm mesh kitchen strainer kick net
61,614661,13.09.2012,1.5mm mesh kitchen strainer kick net
61,614662,15.09.2013,1.5mm mesh kitchen strainer kick net
61,281283,15.09.2014,1.5mm mesh kitchen strainer kick net
61,627059,12.09.2015,1.5mm mesh kitchen strainer kick net
61,627176,09.09.2016,1.5mm mesh kitchen strainer kick net
61,729895,17.09.2017,1.5mm mesh kitchen strainer kick net
61,775712,11.09.2018,1.5mm mesh kitchen strainer kick net
61,830359,20.09.2019,1.5mm mesh kitchen strainer kick net
62,242197,22.11.2006,0.5mm net kick net
62,242903,20.11.2007,0.5mm net kick net
62,244535,02.10.2008,0.5mm net kick net
62,244536,04.10.2009,0.5mm net kick net
62,241527,08.10.2010,0.5mm net kick net
62,243616,23.10.2011,0.5mm net kick net
62,243613,28.09.2012,0.5mm net kick net
62,250844,13.10.2013,0.5mm net kick net
62,352199,03.10.2014,0.5mm net kick net
62,467982,27.10.2015,0.5mm net kick net
63,615038,03.11.2004,1.5mm mesh kitchen strainer kick net
63,615040,27.09.2005,1.5mm mesh kitchen strainer kick net
63,615041,20.09.2006,1.5mm mesh kitchen strainer kick net
63,615042,12.09.2007,1.5mm mesh kitchen strainer kick net
63,615043,13.09.2008,1.5mm mesh kitchen strainer kick net
63,615044,14.09.2009,1.5mm mesh kitchen strainer kick net
63,615045,12.09.2010,1.5mm mesh kitchen strainer kick net
63,615046,20.09.2011,1.5mm mesh kitchen strainer kick net
63,614707,15.09.2012,1.5mm mesh kitchen strainer kick net
63,614708,09.09.2013,1.5mm mesh kitchen strainer kick net
63,281305,18.09.2014,1.5mm mesh kitchen strainer kick net
63,627078,05.09.2015,1.5mm mesh kitchen strainer kick net
63,627195,09.09.2016,1.5mm mesh kitchen strainer kick net
63,729914,10.09.2017,1.5mm mesh kitchen strainer kick net
63,775731,08.09.2018,1.5mm mesh kitchen strainer kick net
63,830378,03.09.2019,1.5mm mesh kitchen strainer kick net
64,219750,04.06.2006,0.5mm net kick net
64,219751,17.04.2007,0.5mm net kick net
64,219752,06.05.2008,0.5mm net kick net
64,219753,21.04.2009,0.5mm net kick net
64,219754,26.04.2011,0.5mm net kick net
64,467575,01.05.2013,0.5mm net kick net
64,722392,25.04.2014,0.5mm net kick net
64,722393,27.04.2015,0.5mm net kick net
64,722394,11.05.2016,0.5mm net kick net
64,722395,18.05.2017,0.5mm net kick net
65,242275,16.10.2006,0.5mm net kick net
65,242995,30.09.2007,0.5mm net kick net
65,244619,24.10.2008,0.5mm net kick net
65,244620,05.10.2009,0.5mm net kick net
65,241593,07.10.2010,0.5mm net kick net
65,250808,07.10.2012,0.5mm net kick net
65,307376,07.10.2013,0.5mm net kick net
65,468018,08.10.2014,0.5mm net kick net
65,716133,06.10.2015,0.5mm net kick net
65,716134,24.10.2016,0.5mm net kick net
65,747929,04.10.2017,0.5mm net kick net
65,788592,03.10.2018,0.5mm net kick net
67,240809,19.06.1995,Surber
67,240810,26.05.1996,Surber
67,240812,23.05.1997,Surber
67,240814,12.05.1998,Surber
67,240816,05.05.1999,Surber
67,240817,08.05.2000,Surber
67,240820,01.06.2001,Surber
67,240822,13.05.2002,Surber
67,240824,19.05.2003,Surber
67,240826,09.05.2004,Surber
67,240828,23.05.2005,Surber
67,240829,06.06.2006,Surber
68,614794,23.10.2004,1.5mm mesh kitchen strainer kick net
68,614796,02.09.2005,1.5mm mesh kitchen strainer kick net
68,614797,10.09.2006,1.5mm mesh kitchen strainer kick net
68,614798,21.09.2007,1.5mm mesh kitchen strainer kick net
68,614799,20.09.2008,1.5mm mesh kitchen strainer kick net
68,614800,23.09.2009,1.5mm mesh kitchen strainer kick net
68,614801,06.09.2010,1.5mm mesh kitchen strainer kick net
68,614802,08.09.2011,1.5mm mesh kitchen strainer kick net
68,614652,19.09.2012,1.5mm mesh kitchen strainer kick net
68,614653,17.09.2013,1.5mm mesh kitchen strainer kick net
68,281279,17.09.2014,1.5mm mesh kitchen strainer kick net
68,627055,14.09.2015,1.5mm mesh kitchen strainer kick net
68,627173,14.09.2016,1.5mm mesh kitchen strainer kick net
68,729892,14.09.2017,1.5mm mesh kitchen strainer kick net
68,775709,13.09.2018,1.5mm mesh kitchen strainer kick net
68,830356,13.09.2019,1.5mm mesh kitchen strainer kick net
69,219759,05.06.2006,0.5mm net kick net
69,219760,25.04.2007,0.5mm net kick net
69,219761,07.05.2008,0.5mm net kick net
69,219762,07.04.2009,0.5mm net kick net
69,219763,27.04.2011,0.5mm net kick net
69,467591,01.05.2013,0.5mm net kick net
69,722452,24.04.2014,0.5mm net kick net
69,722453,24.04.2015,0.5mm net kick net
69,722454,10.05.2016,0.5mm net kick net
69,722455,23.05.2017,0.5mm net kick net
70,735320,11.06.1997,1.5mm mesh kitchen strainer kick net
70,735321,05.06.1998,1.5mm mesh kitchen strainer kick net
70,735322,09.06.1999,1.5mm mesh kitchen strainer kick net
70,735323,15.06.2000,1.5mm mesh kitchen strainer kick net
70,735324,08.06.2001,1.5mm mesh kitchen strainer kick net
70,735325,09.06.2002,1.5mm mesh kitchen strainer kick net
70,735326,17.06.2003,1.5mm mesh kitchen strainer kick net
70,735327,06.06.2004,1.5mm mesh kitchen strainer kick net
70,735328,20.06.2005,1.5mm mesh kitchen strainer kick net
70,735329,09.06.2006,1.5mm mesh kitchen strainer kick net
70,735330,01.06.2007,1.5mm mesh kitchen strainer kick net
70,735331,22.05.2008,1.5mm mesh kitchen strainer kick net
70,735332,05.06.2009,1.5mm mesh kitchen strainer kick net
70,735333,02.06.2010,1.5mm mesh kitchen strainer kick net
70,735334,23.05.2011,1.5mm mesh kitchen strainer kick net
70,735055,08.06.2012,1.5mm mesh kitchen strainer kick net
70,735056,31.05.2013,1.5mm mesh kitchen strainer kick net
70,571253,08.06.2014,1.5mm mesh kitchen strainer kick net
70,571272,07.06.2015,1.5mm mesh kitchen strainer kick net
70,600290,02.06.2016,1.5mm mesh kitchen strainer kick net
70,709467,06.06.2017,1.5mm mesh kitchen strainer kick net
70,761145,18.06.2018,1.5mm mesh kitchen strainer kick net
70,819547,08.06.2019,1.5mm mesh kitchen strainer kick net
71,383718,19.09.2007,0.5mm net kick net
71,383719,16.09.2008,0.5mm net kick net
71,383720,05.10.2009,0.5mm net kick net
71,383721,25.09.2010,0.5mm net kick net
71,219377,26.09.2011,0.5mm net kick net
71,219378,02.10.2012,0.5mm net kick net
71,355943,16.09.2013,0.5mm net kick net
71,297086,16.09.2014,0.5mm net kick net
71,380385,22.09.2015,0.5mm net kick net
71,581321,05.10.2016,0.5mm net kick net
71,716292,03.10.2017,0.5mm net kick net
71,765521,21.09.2018,0.5mm net kick net
71,823011,25.09.2019,0.5mm net kick net
72,735305,12.06.1997,1.5mm mesh kitchen strainer kick net
72,735306,07.06.1998,1.5mm mesh kitchen strainer kick net
72,735307,12.06.1999,1.5mm mesh kitchen strainer kick net
72,735308,16.06.2000,1.5mm mesh kitchen strainer kick net
72,735309,09.06.2001,1.5mm mesh kitchen strainer kick net
72,735310,08.06.2002,1.5mm mesh kitchen strainer kick net
72,735311,16.06.2003,1.5mm mesh kitchen strainer kick net
72,735312,07.06.2004,1.5mm mesh kitchen strainer kick net
72,735313,19.06.2005,1.5mm mesh kitchen strainer kick net
72,735314,09.06.2006,1.5mm mesh kitchen strainer kick net
72,735315,02.06.2007,1.5mm mesh kitchen strainer kick net
72,735316,21.05.2008,1.5mm mesh kitchen strainer kick net
72,735317,04.06.2009,1.5mm mesh kitchen strainer kick net
72,735318,01.06.2010,1.5mm mesh kitchen strainer kick net
72,735319,22.05.2011,1.5mm mesh kitchen strainer kick net
72,735053,07.06.2012,1.5mm mesh kitchen strainer kick net
72,735054,07.06.2013,1.5mm mesh kitchen strainer kick net
72,571251,07.06.2014,1.5mm mesh kitchen strainer kick net
72,571270,06.06.2015,1.5mm mesh kitchen strainer kick net
72,600288,01.06.2016,1.5mm mesh kitchen strainer kick net
72,709465,04.06.2017,1.5mm mesh kitchen strainer kick net
72,761143,17.06.2018,1.5mm mesh kitchen strainer kick net
72,819545,10.06.2019,1.5mm mesh kitchen strainer kick net
73,735230,07.06.1997,1.5mm mesh kitchen strainer kick net
73,735231,01.06.1998,1.5mm mesh kitchen strainer kick net
73,735232,05.06.1999,1.5mm mesh kitchen strainer kick net
73,735233,09.06.2000,1.5mm mesh kitchen strainer kick net
73,735234,02.06.2001,1.5mm mesh kitchen strainer kick net
73,735235,28.05.2002,1.5mm mesh kitchen strainer kick net
73,735236,08.06.2003,1.5mm mesh kitchen strainer kick net
73,735237,31.05.2004,1.5mm mesh kitchen strainer kick net
73,735238,15.06.2005,1.5mm mesh kitchen strainer kick net
73,735239,04.06.2006,1.5mm mesh kitchen strainer kick net
73,735240,27.05.2007,1.5mm mesh kitchen strainer kick net
73,735241,25.05.2008,1.5mm mesh kitchen strainer kick net
73,735242,15.06.2009,1.5mm mesh kitchen strainer kick net
73,735243,23.05.2010,1.5mm mesh kitchen strainer kick net
73,735244,04.06.2011,1.5mm mesh kitchen strainer kick net
73,735043,14.06.2012,1.5mm mesh kitchen strainer kick net
73,735044,02.06.2013,1.5mm mesh kitchen strainer kick net
73,571247,03.06.2014,1.5mm mesh kitchen strainer kick net
73,571263,30.05.2015,1.5mm mesh kitchen strainer kick net
73,600281,28.05.2016,1.5mm mesh kitchen strainer kick net
73,709458,01.06.2017,1.5mm mesh kitchen strainer kick net
73,761136,14.06.2018,1.5mm mesh kitchen strainer kick net
73,819538,02.06.2019,1.5mm mesh kitchen strainer kick net
74,383858,19.10.2009,0.5mm net kick net
74,383859,21.10.2010,0.5mm net kick net
74,219349,25.10.2011,0.5mm net kick net
74,219350,24.10.2012,0.5mm net kick net
74,355961,23.10.2013,0.5mm net kick net
74,297096,22.10.2014,0.5mm net kick net
74,380397,22.10.2015,0.5mm net kick net
74,581334,01.10.2016,0.5mm net kick net
74,716305,24.10.2017,0.5mm net kick net
74,765535,01.10.2018,0.5mm net kick net
74,823023,25.10.2019,0.5mm net kick net
75,219764,02.06.2006,0.5mm net kick net
75,219765,17.04.2007,0.5mm net kick net
75,219766,22.04.2008,0.5mm net kick net
75,219767,14.04.2009,0.5mm net kick net
75,219768,26.04.2011,0.5mm net kick net
75,722424,11.04.2014,0.5mm net kick net
75,722425,28.04.2015,0.5mm net kick net
75,722426,11.05.2016,0.5mm net kick net
75,722427,22.05.2017,0.5mm net kick net
76,219769,02.06.2006,0.5mm net kick net
76,219770,17.04.2007,0.5mm net kick net
76,219771,22.04.2008,0.5mm net kick net
76,219772,14.04.2009,0.5mm net kick net
76,219773,26.04.2011,0.5mm net kick net
76,467584,28.04.2013,0.5mm net kick net
76,722428,11.04.2014,0.5mm net kick net
76,722429,28.04.2015,0.5mm net kick net
76,722430,11.05.2016,0.5mm net kick net
76,722431,22.05.2017,0.5mm net kick net
79,383654,27.09.2007,0.5mm net kick net
79,383655,16.09.2008,0.5mm net kick net
79,383656,15.10.2009,0.5mm net kick net
79,383657,04.09.2010,0.5mm net kick net
79,219359,04.10.2011,0.5mm net kick net
79,219360,15.10.2012,0.5mm net kick net
79,355967,15.09.2013,0.5mm net kick net
79,297100,15.09.2014,0.5mm net kick net
79,380402,13.09.2015,0.5mm net kick net
79,581339,09.09.2016,0.5mm net kick net
79,716310,17.09.2017,0.5mm net kick net
79,765540,11.09.2018,0.5mm net kick net
79,823028,20.09.2019,0.5mm net kick net
80,735290,10.06.1997,1.5mm mesh kitchen strainer kick net
80,735291,04.06.1998,1.5mm mesh kitchen strainer kick net
80,735292,08.06.1999,1.5mm mesh kitchen strainer kick net
80,735293,13.06.2000,1.5mm mesh kitchen strainer kick net
80,735294,07.06.2001,1.5mm mesh kitchen strainer kick net
80,735295,30.05.2002,1.5mm mesh kitchen strainer kick net
80,735296,15.06.2003,1.5mm mesh kitchen strainer kick net
80,735297,05.06.2004,1.5mm mesh kitchen strainer kick net
80,735298,19.06.2005,1.5mm mesh kitchen strainer kick net
80,735299,08.06.2006,1.5mm mesh kitchen strainer kick net
80,735300,03.06.2007,1.5mm mesh kitchen strainer kick net
80,735301,27.05.2008,1.5mm mesh kitchen strainer kick net
80,735302,17.06.2009,1.5mm mesh kitchen strainer kick net
80,735303,31.05.2010,1.5mm mesh kitchen strainer kick net
80,735304,21.05.2011,1.5mm mesh kitchen strainer kick net
80,735051,06.06.2012,1.5mm mesh kitchen strainer kick net
80,735052,30.05.2013,1.5mm mesh kitchen strainer kick net
80,571249,06.06.2014,1.5mm mesh kitchen strainer kick net
80,571268,02.06.2015,1.5mm mesh kitchen strainer kick net
80,600286,31.05.2016,1.5mm mesh kitchen strainer kick net
80,709463,03.06.2017,1.5mm mesh kitchen strainer kick net
80,761141,16.06.2018,1.5mm mesh kitchen strainer kick net
80,819543,07.06.2019,1.5mm mesh kitchen strainer kick net
82,614767,01.11.2004,1.5mm mesh kitchen strainer kick net
82,614769,06.09.2005,1.5mm mesh kitchen strainer kick net
82,614770,27.09.2006,1.5mm mesh kitchen strainer kick net
82,614771,05.10.2007,1.5mm mesh kitchen strainer kick net
82,614772,28.09.2008,1.5mm mesh kitchen strainer kick net
82,614773,30.09.2009,1.5mm mesh kitchen strainer kick net
82,614774,25.09.2010,1.5mm mesh kitchen strainer kick net
82,614775,24.09.2011,1.5mm mesh kitchen strainer kick net
82,614647,12.10.2012,1.5mm mesh kitchen strainer kick net
82,614648,29.09.2013,1.5mm mesh kitchen strainer kick net
82,281277,28.09.2014,1.5mm mesh kitchen strainer kick net
82,627053,27.09.2015,1.5mm mesh kitchen strainer kick net
82,627171,21.09.2016,1.5mm mesh kitchen strainer kick net
82,729890,25.09.2017,1.5mm mesh kitchen strainer kick net
82,775707,24.09.2018,1.5mm mesh kitchen strainer kick net
82,830354,27.09.2019,1.5mm mesh kitchen strainer kick net
83,383600,08.09.1986,0.5mm net kick net
83,383605,14.10.1994,0.5mm net kick net
83,383608,22.09.2000,0.5mm net kick net
83,383610,14.09.2007,0.5mm net kick net
83,383611,15.09.2008,0.5mm net kick net
83,383612,16.09.2009,0.5mm net kick net
83,219351,18.09.2011,0.5mm net kick net
83,219352,01.10.2012,0.5mm net kick net
83,355945,16.09.2013,0.5mm net kick net
83,303288,18.09.2014,0.5mm net kick net
83,467425,24.09.2015,0.5mm net kick net
83,752231,29.09.2016,0.5mm net kick net
83,730344,29.09.2017,0.5mm net kick net
83,777439,17.09.2018,0.5mm net kick net
83,858052,31.08.2019,0.5mm net kick net
84,383855,19.09.2008,0.5mm net kick net
84,383856,15.10.2009,0.5mm net kick net
84,383857,19.09.2010,0.5mm net kick net
84,219347,02.10.2011,0.5mm net kick net
84,219348,25.09.2012,0.5mm net kick net
84,355972,24.09.2013,0.5mm net kick net
84,297102,22.09.2014,0.5mm net kick net
84,380406,16.09.2015,0.5mm net kick net
84,581343,05.09.2016,0.5mm net kick net
84,716314,08.10.2017,0.5mm net kick net
84,765544,07.09.2018,0.5mm net kick net
84,823033,09.09.2019,0.5mm net kick net
85,242201,01.11.2006,0.5mm net kick net
85,242904,20.11.2007,0.5mm net kick net
85,244540,01.10.2008,0.5mm net kick net
85,244541,21.10.2009,0.5mm net kick net
85,241524,22.10.2010,0.5mm net kick net
85,243619,21.10.2011,0.5mm net kick net
85,243620,27.09.2012,0.5mm net kick net
85,250846,10.10.2013,0.5mm net kick net
85,352201,06.10.2014,0.5mm net kick net
85,467985,05.10.2015,0.5mm net kick net
86,615008,16.09.2005,1.5mm mesh kitchen strainer kick net
86,615009,15.09.2006,1.5mm mesh kitchen strainer kick net
86,615010,20.09.2007,1.5mm mesh kitchen strainer kick net
86,615011,14.09.2008,1.5mm mesh kitchen strainer kick net
86,615012,17.09.2009,1.5mm mesh kitchen strainer kick net
86,615013,02.09.2010,1.5mm mesh kitchen strainer kick net
86,615014,06.10.2011,1.5mm mesh kitchen strainer kick net
86,614697,12.09.2012,1.5mm mesh kitchen strainer kick net
86,614698,13.09.2013,1.5mm mesh kitchen strainer kick net
86,281300,13.09.2014,1.5mm mesh kitchen strainer kick net
86,627073,11.09.2015,1.5mm mesh kitchen strainer kick net
86,627190,07.09.2016,1.5mm mesh kitchen strainer kick net
86,729909,10.09.2017,1.5mm mesh kitchen strainer kick net
86,775726,09.09.2018,1.5mm mesh kitchen strainer kick net
86,830373,18.09.2019,1.5mm mesh kitchen strainer kick net
87,219774,06.06.2006,0.5mm net kick net
87,219775,02.05.2007,0.5mm net kick net
87,219776,23.04.2008,0.5mm net kick net
87,219777,06.04.2009,0.5mm net kick net
87,219778,26.04.2011,0.5mm net kick net
87,467579,29.04.2013,0.5mm net kick net
87,722409,11.04.2014,0.5mm net kick net
87,722410,05.05.2015,0.5mm net kick net
87,722411,12.05.2016,0.5mm net kick net
87,722412,23.05.2017,0.5mm net kick net
89,219779,06.06.2006,0.5mm net kick net
89,219780,02.05.2007,0.5mm net kick net
89,219781,23.04.2008,0.5mm net kick net
89,219782,06.04.2009,0.5mm net kick net
89,219783,26.04.2011,0.5mm net kick net
89,467580,29.04.2013,0.5mm net kick net
89,722413,11.04.2014,0.5mm net kick net
89,722414,05.05.2015,0.5mm net kick net
89,722415,12.05.2016,0.5mm net kick net
90,219784,05.06.2006,0.5mm net kick net
90,219785,17.04.2007,0.5mm net kick net
90,219786,06.05.2008,0.5mm net kick net
90,219787,21.04.2009,0.5mm net kick net
90,219788,26.04.2011,0.5mm net kick net
90,467573,30.04.2013,0.5mm net kick net
90,722384,25.04.2014,0.5mm net kick net
90,722385,27.04.2015,0.5mm net kick net
90,722386,11.05.2016,0.5mm net kick net
90,722387,18.05.2017,0.5mm net kick net
91,614957,02.11.2004,1.5mm mesh kitchen strainer kick net
91,614959,26.09.2005,1.5mm mesh kitchen strainer kick net
91,614960,21.09.2006,1.5mm mesh kitchen strainer kick net
91,614961,18.09.2007,1.5mm mesh kitchen strainer kick net
91,614962,14.09.2008,1.5mm mesh kitchen strainer kick net
91,614963,15.09.2009,1.5mm mesh kitchen strainer kick net
91,614964,13.09.2010,1.5mm mesh kitchen strainer kick net
91,614965,16.09.2011,1.5mm mesh kitchen strainer kick net
91,614966,21.09.2011,1.5mm mesh kitchen strainer kick net
91,614686,17.09.2013,1.5mm mesh kitchen strainer kick net
91,281294,19.09.2014,1.5mm mesh kitchen strainer kick net
91,627068,06.09.2015,1.5mm mesh kitchen strainer kick net
91,627185,10.09.2016,1.5mm mesh kitchen strainer kick net
91,729904,11.09.2017,1.5mm mesh kitchen strainer kick net
91,775721,09.09.2018,1.5mm mesh kitchen strainer kick net
91,830368,04.09.2019,1.5mm mesh kitchen strainer kick net
92,615048,04.11.2004,1.5mm mesh kitchen strainer kick net
92,615050,27.09.2005,1.5mm mesh kitchen strainer kick net
92,615051,19.09.2006,1.5mm mesh kitchen strainer kick net
92,615052,12.09.2007,1.5mm mesh kitchen strainer kick net
92,615053,13.09.2008,1.5mm mesh kitchen strainer kick net
92,615054,14.09.2009,1.5mm mesh kitchen strainer kick net
92,615055,13.09.2010,1.5mm mesh kitchen strainer kick net
92,615056,20.09.2011,1.5mm mesh kitchen strainer kick net
92,614711,15.09.2012,1.5mm mesh kitchen strainer kick net
92,614712,10.09.2013,1.5mm mesh kitchen strainer kick net
92,281307,18.09.2014,1.5mm mesh kitchen strainer kick net
92,627080,06.09.2015,1.5mm mesh kitchen strainer kick net
92,627197,09.09.2016,1.5mm mesh kitchen strainer kick net
92,729916,10.09.2017,1.5mm mesh kitchen strainer kick net
92,775733,08.09.2018,1.5mm mesh kitchen strainer kick net
92,830380,04.09.2019,1.5mm mesh kitchen strainer kick net
93,383839,17.10.2007,0.5mm net kick net
93,383840,16.09.2008,0.5mm net kick net
93,383841,28.10.2009,0.5mm net kick net
93,383842,26.10.2010,0.5mm net kick net
93,219339,26.10.2011,0.5mm net kick net
93,219340,15.10.2012,0.5mm net kick net
93,355966,23.10.2013,0.5mm net kick net
93,303297,07.10.2014,0.5mm net kick net
93,467435,20.10.2015,0.5mm net kick net
93,752241,18.10.2016,0.5mm net kick net
93,730355,04.10.2017,0.5mm net kick net
93,776355,25.10.2018,0.5mm net kick net
93,858064,16.10.2019,0.5mm net kick net
94,614934,27.09.2005,1.5mm mesh kitchen strainer kick net
94,614935,16.09.2006,1.5mm mesh kitchen strainer kick net
94,614936,09.09.2007,1.5mm mesh kitchen strainer kick net
94,614937,10.09.2008,1.5mm mesh kitchen strainer kick net
94,614938,11.09.2009,1.5mm mesh kitchen strainer kick net
94,614939,10.09.2010,1.5mm mesh kitchen strainer kick net
94,614940,18.09.2011,1.5mm mesh kitchen strainer kick net
94,614680,13.09.2012,1.5mm mesh kitchen strainer kick net
94,614681,07.09.2013,1.5mm mesh kitchen strainer kick net
94,281291,16.09.2014,1.5mm mesh kitchen strainer kick net
95,242223,02.11.2006,0.5mm net kick net
95,242224,29.10.2007,0.5mm net kick net
95,242952,30.09.2008,0.5mm net kick net
95,244568,20.10.2009,0.5mm net kick net
95,241551,05.10.2010,0.5mm net kick net
95,241560,19.10.2011,0.5mm net kick net
95,243677,15.10.2012,0.5mm net kick net
95,467993,09.10.2013,0.5mm net kick net
95,352217,09.10.2014,0.5mm net kick net
95,467994,26.10.2015,0.5mm net kick net
95,716092,10.11.2016,0.5mm net kick net
95,747886,16.10.2017,0.5mm net kick net
96,242232,02.11.2006,0.5mm net kick net
96,242233,29.10.2007,0.5mm net kick net
96,242956,30.09.2008,0.5mm net kick net
96,244572,20.10.2009,0.5mm net kick net
96,241557,05.10.2010,0.5mm net kick net
96,241563,17.10.2011,0.5mm net kick net
96,243680,15.10.2012,0.5mm net kick net
96,468002,09.10.2013,0.5mm net kick net
96,352226,08.10.2014,0.5mm net kick net
96,468003,26.10.2015,0.5mm net kick net
96,716098,11.11.2016,0.5mm net kick net
96,747889,16.10.2017,0.5mm net kick net
97,383671,28.09.2007,0.5mm net kick net
97,383672,18.09.2008,0.5mm net kick net
97,383673,15.10.2009,0.5mm net kick net
97,383674,18.09.2010,0.5mm net kick net
97,219363,01.10.2011,0.5mm net kick net
97,219364,23.09.2012,0.5mm net kick net
97,355970,23.09.2013,0.5mm net kick net
97,303299,21.09.2014,0.5mm net kick net
97,467437,19.09.2015,0.5mm net kick net
97,752243,04.09.2016,0.5mm net kick net
97,730357,07.09.2017,0.5mm net kick net
97,776356,06.09.2018,0.5mm net kick net
97,823031,08.09.2019,0.5mm net kick net
98,383778,22.10.2007,0.5mm net kick net
98,383779,15.10.2008,0.5mm net kick net
98,383780,14.10.2009,0.5mm net kick net
98,383781,13.10.2010,0.5mm net kick net
98,219407,12.10.2011,0.5mm net kick net
98,219408,15.10.2012,0.5mm net kick net
98,355931,14.10.2013,0.5mm net kick net
98,297080,13.10.2014,0.5mm net kick net
98,380377,14.10.2015,0.5mm net kick net
98,581313,13.10.2016,0.5mm net kick net
98,716286,18.10.2017,0.5mm net kick net
98,765515,17.10.2018,0.5mm net kick net
98,823004,17.10.2019,0.5mm net kick net
99,383790,08.10.2007,0.5mm net kick net
99,383791,22.10.2008,0.5mm net kick net
99,383792,04.10.2009,0.5mm net kick net
99,383793,19.10.2010,0.5mm net kick net
99,219413,18.10.2011,0.5mm net kick net
99,219414,12.10.2012,0.5mm net kick net
99,355962,24.10.2013,0.5mm net kick net
99,303296,21.10.2014,0.5mm net kick net
99,467434,11.11.2015,0.5mm net kick net
99,752240,30.10.2016,0.5mm net kick net
99,730354,24.10.2017,0.5mm net kick net
99,858063,25.10.2019,0.5mm net kick net
100,735260,10.06.1997,1.5mm mesh kitchen strainer kick net
100,735261,03.06.1998,1.5mm mesh kitchen strainer kick net
100,735262,07.06.1999,1.5mm mesh kitchen strainer kick net
100,735263,13.06.2000,1.5mm mesh kitchen strainer kick net
100,735264,07.06.2001,1.5mm mesh kitchen strainer kick net
100,735265,29.05.2002,1.5mm mesh kitchen strainer kick net
100,735266,14.06.2003,1.5mm mesh kitchen strainer kick net
100,735267,05.06.2004,1.5mm mesh kitchen strainer kick net
100,735268,17.06.2005,1.5mm mesh kitchen strainer kick net
100,735269,08.06.2006,1.5mm mesh kitchen strainer kick net
100,735270,04.06.2007,1.5mm mesh kitchen strainer kick net
100,735271,20.05.2008,1.5mm mesh kitchen strainer kick net
100,735272,03.06.2009,1.5mm mesh kitchen strainer kick net
100,735273,30.05.2010,1.5mm mesh kitchen strainer kick net
100,735274,20.05.2011,1.5mm mesh kitchen strainer kick net
100,735047,05.06.2012,1.5mm mesh kitchen strainer kick net
100,735048,29.05.2013,1.5mm mesh kitchen strainer kick net
100,571254,05.06.2014,1.5mm mesh kitchen strainer kick net
100,571266,01.06.2015,1.5mm mesh kitchen strainer kick net
100,600284,30.05.2016,1.5mm mesh kitchen strainer kick net
100,709461,03.06.2017,1.5mm mesh kitchen strainer kick net
100,761139,16.06.2018,1.5mm mesh kitchen strainer kick net
100,819541,04.06.2019,1.5mm mesh kitchen strainer kick net
102,383746,26.09.2007,0.5mm net kick net
102,383747,26.09.2008,0.5mm net kick net
102,383748,18.09.2009,0.5mm net kick net
102,219391,05.09.2011,0.5mm net kick net
102,219392,15.10.2012,0.5mm net kick net
102,355936,01.10.2013,0.5mm net kick net
102,297083,12.10.2014,0.5mm net kick net
102,380380,05.10.2015,0.5mm net kick net
102,581317,03.10.2016,0.5mm net kick net
102,716289,10.10.2017,0.5mm net kick net
102,765518,25.10.2018,0.5mm net kick net
102,823007,04.10.2019,0.5mm net kick net
102,383749,26.08.2010,0.5mm net kick net
103,242212,20.10.2006,0.5mm net kick net
103,242919,17.10.2007,0.5mm net kick net
103,242920,30.10.2008,0.5mm net kick net
103,244552,18.11.2009,0.5mm net kick net
103,241535,19.10.2010,0.5mm net kick net
103,243643,25.10.2011,0.5mm net kick net
103,243630,15.10.2012,0.5mm net kick net
103,307357,03.10.2013,0.5mm net kick net
103,716078,22.10.2015,0.5mm net kick net
104,242211,19.10.2006,0.5mm net kick net
104,242917,17.10.2007,0.5mm net kick net
104,242918,30.10.2008,0.5mm net kick net
104,244551,18.11.2009,0.5mm net kick net
104,241534,19.10.2010,0.5mm net kick net
104,243642,25.10.2011,0.5mm net kick net
104,243631,15.10.2012,0.5mm net kick net
104,307356,03.10.2013,0.5mm net kick net
104,716077,22.10.2015,0.5mm net kick net
105,614713,01.11.2004,1.5mm mesh kitchen strainer kick net
105,614715,24.09.2005,1.5mm mesh kitchen strainer kick net
105,614716,04.10.2006,1.5mm mesh kitchen strainer kick net
105,614717,29.09.2007,1.5mm mesh kitchen strainer kick net
105,614718,25.09.2008,1.5mm mesh kitchen strainer kick net
105,614719,27.09.2009,1.5mm mesh kitchen strainer kick net
105,614720,24.09.2010,1.5mm mesh kitchen strainer kick net
105,614721,29.09.2011,1.5mm mesh kitchen strainer kick net
105,614638,23.09.2012,1.5mm mesh kitchen strainer kick net
105,614639,15.09.2013,1.5mm mesh kitchen strainer kick net
105,281274,24.09.2014,1.5mm mesh kitchen strainer kick net
107,614926,22.09.2005,1.5mm mesh kitchen strainer kick net
107,614927,17.09.2006,1.5mm mesh kitchen strainer kick net
107,614928,10.09.2007,1.5mm mesh kitchen strainer kick net
107,614929,11.09.2008,1.5mm mesh kitchen strainer kick net
107,614930,12.09.2009,1.5mm mesh kitchen strainer kick net
107,614931,10.09.2010,1.5mm mesh kitchen strainer kick net
107,614932,18.09.2011,1.5mm mesh kitchen strainer kick net
107,614678,13.09.2012,1.5mm mesh kitchen strainer kick net
107,614679,08.09.2013,1.5mm mesh kitchen strainer kick net
107,281290,16.09.2014,1.5mm mesh kitchen strainer kick net
108,735245,08.06.1997,1.5mm mesh kitchen strainer kick net
108,735246,02.06.1998,1.5mm mesh kitchen strainer kick net
108,735247,06.06.1999,1.5mm mesh kitchen strainer kick net
108,735248,11.06.2000,1.5mm mesh kitchen strainer kick net
108,735249,03.06.2001,1.5mm mesh kitchen strainer kick net
108,735250,03.06.2002,1.5mm mesh kitchen strainer kick net
108,735251,14.06.2003,1.5mm mesh kitchen strainer kick net
108,735252,01.06.2004,1.5mm mesh kitchen strainer kick net
108,735253,16.06.2005,1.5mm mesh kitchen strainer kick net
108,735254,05.06.2006,1.5mm mesh kitchen strainer kick net
108,735255,26.05.2007,1.5mm mesh kitchen strainer kick net
108,735256,26.05.2008,1.5mm mesh kitchen strainer kick net
108,735257,14.06.2009,1.5mm mesh kitchen strainer kick net
108,735258,30.05.2010,1.5mm mesh kitchen strainer kick net
108,735259,05.06.2011,1.5mm mesh kitchen strainer kick net
108,735045,15.06.2012,1.5mm mesh kitchen strainer kick net
108,735046,03.06.2013,1.5mm mesh kitchen strainer kick net
108,571255,04.06.2014,1.5mm mesh kitchen strainer kick net
108,571265,31.05.2015,1.5mm mesh kitchen strainer kick net
108,600283,30.05.2016,1.5mm mesh kitchen strainer kick net
108,709460,02.06.2017,1.5mm mesh kitchen strainer kick net
108,761138,15.06.2018,1.5mm mesh kitchen strainer kick net
108,819540,03.06.2019,1.5mm mesh kitchen strainer kick net
109,383693,17.10.2001,0.5mm net kick net
109,383694,22.10.2003,0.5mm net kick net
109,383695,07.10.2004,0.5mm net kick net
109,383696,18.10.2005,0.5mm net kick net
109,383697,19.10.2006,0.5mm net kick net
109,383698,15.10.2009,0.5mm net kick net
109,383699,21.10.2010,0.5mm net kick net
109,219371,19.10.2011,0.5mm net kick net
109,219372,23.10.2012,0.5mm net kick net
109,355952,17.10.2013,0.5mm net kick net
109,297090,14.10.2014,0.5mm net kick net
109,380391,06.10.2015,0.5mm net kick net
109,581328,12.10.2016,0.5mm net kick net
109,716299,12.10.2017,0.5mm net kick net
109,765529,11.10.2018,0.5mm net kick net
109,823017,14.10.2019,0.5mm net kick net
110,383774,18.10.2007,0.5mm net kick net
110,383775,16.09.2008,0.5mm net kick net
110,383776,28.10.2009,0.5mm net kick net
110,383777,26.10.2010,0.5mm net kick net
110,219405,26.10.2011,0.5mm net kick net
110,219406,15.10.2012,0.5mm net kick net
110,716308,04.10.2017,0.5mm net kick net
110,765538,25.10.2018,0.5mm net kick net
110,823026,16.10.2019,0.5mm net kick net
111,615027,19.09.2006,1.5mm mesh kitchen strainer kick net
111,615028,22.09.2007,1.5mm mesh kitchen strainer kick net
111,615029,21.09.2008,1.5mm mesh kitchen strainer kick net
111,615030,24.09.2009,1.5mm mesh kitchen strainer kick net
111,615031,08.09.2010,1.5mm mesh kitchen strainer kick net
111,615032,09.09.2011,1.5mm mesh kitchen strainer kick net
111,614703,19.09.2012,1.5mm mesh kitchen strainer kick net
111,614704,18.09.2013,1.5mm mesh kitchen strainer kick net
111,281303,18.09.2014,1.5mm mesh kitchen strainer kick net
111,627076,22.09.2015,1.5mm mesh kitchen strainer kick net
111,627193,10.09.2016,1.5mm mesh kitchen strainer kick net
111,729912,13.09.2017,1.5mm mesh kitchen strainer kick net
111,775729,13.09.2018,1.5mm mesh kitchen strainer kick net
111,830376,12.09.2019,1.5mm mesh kitchen strainer kick net
112,615033,29.09.2007,1.5mm mesh kitchen strainer kick net
112,615034,18.09.2008,1.5mm mesh kitchen strainer kick net
112,615035,21.09.2009,1.5mm mesh kitchen strainer kick net
112,615036,18.09.2010,1.5mm mesh kitchen strainer kick net
112,615037,01.10.2011,1.5mm mesh kitchen strainer kick net
112,614705,23.09.2012,1.5mm mesh kitchen strainer kick net
112,614706,23.09.2013,1.5mm mesh kitchen strainer kick net
112,281304,21.09.2014,1.5mm mesh kitchen strainer kick net
112,627077,15.09.2015,1.5mm mesh kitchen strainer kick net
112,627194,04.09.2016,1.5mm mesh kitchen strainer kick net
112,729913,07.09.2017,1.5mm mesh kitchen strainer kick net
112,775730,06.09.2018,1.5mm mesh kitchen strainer kick net
112,830377,30.09.2019,1.5mm mesh kitchen strainer kick net
113,542948,29.10.1997,0.5mm net kick net
113,542950,19.10.1998,0.5mm net kick net
113,542952,26.10.1999,0.5mm net kick net
113,542953,25.10.2000,0.5mm net kick net
113,542956,30.10.2002,0.5mm net kick net
113,542957,21.10.2003,0.5mm net kick net
113,542958,19.10.2004,0.5mm net kick net
113,542959,18.10.2005,0.5mm net kick net
113,542961,23.10.2007,0.5mm net kick net
113,542962,23.10.2008,0.5mm net kick net
113,542963,14.10.2009,0.5mm net kick net
113,542964,21.10.2010,0.5mm net kick net
113,219430,18.10.2011,0.5mm net kick net
113,219431,18.10.2012,0.5mm net kick net
113,500061,22.10.2014,0.5mm net kick net
113,500062,22.10.2015,0.5mm net kick net
113,651623,08.11.2016,0.5mm net kick net
113,736684,26.10.2017,0.5mm net kick net
113,784661,24.10.2018,0.5mm net kick net
114,383822,02.10.2007,0.5mm net kick net
114,383823,16.10.2008,0.5mm net kick net
114,383824,24.10.2009,0.5mm net kick net
114,383825,06.10.2010,0.5mm net kick net
114,219333,03.10.2011,0.5mm net kick net
114,219334,20.11.2012,0.5mm net kick net
114,355958,01.10.2013,0.5mm net kick net
114,303295,07.10.2014,0.5mm net kick net
114,467433,08.10.2015,0.5mm net kick net
114,752239,02.10.2016,0.5mm net kick net
114,730353,03.10.2017,0.5mm net kick net
114,776353,07.11.2018,0.5mm net kick net
114,858062,01.10.2019,0.5mm net kick net
116,650113,18.09.1996,0.5mm net kick net
116,650115,18.09.1997,0.5mm net kick net
116,650117,08.09.1998,0.5mm net kick net
116,650119,21.09.1999,0.5mm net kick net
116,650122,15.09.2000,0.5mm net kick net
116,650123,19.09.2000,0.5mm net kick net
116,650125,20.09.2001,0.5mm net kick net
116,650127,30.09.2002,0.5mm net kick net
116,650129,11.09.2003,0.5mm net kick net
116,650131,08.09.2004,0.5mm net kick net
116,650133,23.09.2005,0.5mm net kick net
116,650135,15.09.2006,0.5mm net kick net
116,650136,15.09.2006,0.5mm net kick net
116,650137,14.09.2007,0.5mm net kick net
116,650138,15.09.2008,0.5mm net kick net
116,650139,15.09.2009,0.5mm net kick net
116,650140,17.09.2010,0.5mm net kick net
116,650141,04.10.2011,0.5mm net kick net
116,650142,27.09.2012,0.5mm net kick net
116,650143,15.09.2013,0.5mm net kick net
116,650144,25.09.2014,0.5mm net kick net
116,650145,21.09.2015,0.5mm net kick net
116,757166,29.09.2016,0.5mm net kick net
116,757167,13.11.2017,0.5mm net kick net
116,650112,19.06.1996,0.5mm net kick net
116,650114,19.06.1997,0.5mm net kick net
116,650116,17.06.1998,0.5mm net kick net
116,650118,18.06.1999,0.5mm net kick net
116,650120,15.06.2000,0.5mm net kick net
116,650121,21.06.2000,0.5mm net kick net
116,650124,24.06.2001,0.5mm net kick net
116,650126,18.06.2002,0.5mm net kick net
116,650128,10.06.2003,0.5mm net kick net
116,650130,10.06.2004,0.5mm net kick net
116,650132,28.06.2005,0.5mm net kick net
116,650134,20.06.2006,0.5mm net kick net
118,219809,04.06.2006,0.5mm net kick net
118,219810,02.05.2007,0.5mm net kick net
118,219811,06.05.2008,0.5mm net kick net
118,219812,21.04.2009,0.5mm net kick net
118,219813,27.04.2011,0.5mm net kick net
118,722440,10.04.2014,0.5mm net kick net
118,722441,24.04.2015,0.5mm net kick net
118,722442,19.05.2016,0.5mm net kick net
118,722443,19.05.2017,0.5mm net kick net
119,242269,17.05.2006,0.5mm net kick net
119,242984,10.04.2007,0.5mm net kick net
119,242985,21.05.2008,0.5mm net kick net
119,244614,28.04.2009,0.5mm net kick net
119,241587,06.05.2010,0.5mm net kick net
119,243714,27.04.2011,0.5mm net kick net
119,243708,19.04.2012,0.5mm net kick net
119,251150,13.05.2013,0.5mm net kick net
119,352250,15.04.2014,0.5mm net kick net
119,716125,14.04.2015,0.5mm net kick net
119,716129,26.04.2016,0.5mm net kick net
119,747923,24.04.2017,0.5mm net kick net
119,788586,18.04.2018,0.5mm net kick net
122,219814,05.06.2006,0.5mm net kick net
122,219815,24.04.2007,0.5mm net kick net
122,219816,07.05.2008,0.5mm net kick net
122,219817,07.04.2009,0.5mm net kick net
122,219818,27.04.2011,0.5mm net kick net
122,467593,30.04.2013,0.5mm net kick net
122,722459,24.04.2014,0.5mm net kick net
122,722460,24.04.2015,0.5mm net kick net
122,722461,11.05.2016,0.5mm net kick net
122,722462,18.05.2017,0.5mm net kick net
124,383782,31.10.2007,0.5mm net kick net
124,383783,03.11.2008,0.5mm net kick net
124,383784,03.11.2009,0.5mm net kick net
124,383785,28.10.2010,0.5mm net kick net
124,219409,21.11.2011,0.5mm net kick net
124,219410,01.11.2012,0.5mm net kick net
124,355947,31.10.2013,0.5mm net kick net
124,303289,23.10.2014,0.5mm net kick net
124,467426,15.10.2015,0.5mm net kick net
124,752232,14.10.2016,0.5mm net kick net
124,730346,24.10.2017,0.5mm net kick net
124,765524,17.10.2018,0.5mm net kick net
124,858054,08.11.2019,0.5mm net kick net
125,219819,02.06.2006,0.5mm net kick net
125,219820,03.05.2007,0.5mm net kick net
125,219821,24.04.2008,0.5mm net kick net
125,219822,06.04.2009,0.5mm net kick net
125,219823,27.04.2011,0.5mm net kick net
125,467594,29.04.2013,0.5mm net kick net
125,722463,09.04.2014,0.5mm net kick net
125,722464,23.04.2015,0.5mm net kick net
125,722465,10.05.2016,0.5mm net kick net
125,722466,23.05.2017,0.5mm net kick net
127,242881,31.10.2007,0.5mm net kick net
127,242882,31.10.2007,0.5mm net kick net
127,244502,01.10.2008,0.5mm net kick net
127,244501,19.10.2009,0.5mm net kick net
127,241522,07.10.2010,0.5mm net kick net
127,243602,19.10.2011,0.5mm net kick net
127,243603,14.10.2012,0.5mm net kick net
127,251142,10.10.2013,0.5mm net kick net
127,467971,06.10.2014,0.5mm net kick net
127,716053,26.10.2015,0.5mm net kick net
127,719095,11.11.2016,0.5mm net kick net
127,747838,17.10.2017,0.5mm net kick net
127,788552,04.10.2018,0.5mm net kick net
128,383758,26.09.2007,0.5mm net kick net
128,383759,18.09.2008,0.5mm net kick net
128,383760,17.09.2009,0.5mm net kick net
128,383761,25.08.2010,0.5mm net kick net
128,219397,21.10.2011,0.5mm net kick net
128,219398,07.10.2012,0.5mm net kick net
128,355935,14.10.2013,0.5mm net kick net
128,297082,17.10.2014,0.5mm net kick net
128,380379,14.10.2015,0.5mm net kick net
128,581316,11.10.2016,0.5mm net kick net
128,716288,10.10.2017,0.5mm net kick net
128,765517,24.10.2018,0.5mm net kick net
128,823006,03.10.2019,0.5mm net kick net
129,383814,07.10.2007,0.5mm net kick net
129,383815,24.10.2008,0.5mm net kick net
129,383816,21.10.2009,0.5mm net kick net
129,383817,07.10.2010,0.5mm net kick net
129,219425,04.10.2011,0.5mm net kick net
129,219426,16.10.2012,0.5mm net kick net
129,581331,18.10.2016,0.5mm net kick net
129,716302,18.10.2017,0.5mm net kick net
129,765532,10.10.2018,0.5mm net kick net
129,823020,08.10.2019,0.5mm net kick net
130,219826,02.06.2006,0.5mm net kick net
130,219827,03.05.2007,0.5mm net kick net
130,219828,24.04.2008,0.5mm net kick net
130,219829,06.04.2009,0.5mm net kick net
130,219830,27.04.2011,0.5mm net kick net
130,467595,29.04.2013,0.5mm net kick net
130,722467,09.04.2014,0.5mm net kick net
130,722468,23.04.2015,0.5mm net kick net
130,722469,10.05.2016,0.5mm net kick net
130,722470,23.05.2017,0.5mm net kick net
131,614740,03.11.2004,1.5mm mesh kitchen strainer kick net
131,614742,28.09.2005,1.5mm mesh kitchen strainer kick net
131,614743,13.09.2006,1.5mm mesh kitchen strainer kick net
131,614744,05.09.2007,1.5mm mesh kitchen strainer kick net
131,614745,07.09.2008,1.5mm mesh kitchen strainer kick net
131,614746,08.09.2009,1.5mm mesh kitchen strainer kick net
131,614747,07.09.2010,1.5mm mesh kitchen strainer kick net
131,614748,15.09.2011,1.5mm mesh kitchen strainer kick net
131,614643,11.09.2012,1.5mm mesh kitchen strainer kick net
131,614644,06.09.2013,1.5mm mesh kitchen strainer kick net
131,281276,14.09.2014,1.5mm mesh kitchen strainer kick net
131,627052,03.09.2015,1.5mm mesh kitchen strainer kick net
131,627170,06.09.2016,1.5mm mesh kitchen strainer kick net
131,729889,07.09.2017,1.5mm mesh kitchen strainer kick net
131,775706,05.09.2018,1.5mm mesh kitchen strainer kick net
131,830353,01.09.2019,1.5mm mesh kitchen strainer kick net
135,614776,24.10.2004,1.5mm mesh kitchen strainer kick net
135,614778,05.09.2005,1.5mm mesh kitchen strainer kick net
135,614779,01.10.2006,1.5mm mesh kitchen strainer kick net
135,614780,08.10.2007,1.5mm mesh kitchen strainer kick net
135,614781,30.09.2008,1.5mm mesh kitchen strainer kick net
135,614782,02.10.2009,1.5mm mesh kitchen strainer kick net
135,614783,29.09.2010,1.5mm mesh kitchen strainer kick net
135,614784,07.10.2011,1.5mm mesh kitchen strainer kick net
135,614649,01.10.2012,1.5mm mesh kitchen strainer kick net
135,614650,02.10.2013,1.5mm mesh kitchen strainer kick net
135,281278,30.09.2014,1.5mm mesh kitchen strainer kick net
135,627054,29.09.2015,1.5mm mesh kitchen strainer kick net
135,627172,24.09.2016,1.5mm mesh kitchen strainer kick net
135,729891,28.09.2017,1.5mm mesh kitchen strainer kick net
135,775708,29.09.2018,1.5mm mesh kitchen strainer kick net
135,830355,29.09.2019,1.5mm mesh kitchen strainer kick net
136,242230,02.11.2006,0.5mm net kick net
136,242231,29.10.2007,0.5mm net kick net
136,242955,30.09.2008,0.5mm net kick net
136,244571,20.10.2009,0.5mm net kick net
136,241556,05.10.2010,0.5mm net kick net
136,241562,19.10.2011,0.5mm net kick net
136,243679,15.10.2012,0.5mm net kick net
136,468000,09.10.2013,0.5mm net kick net
136,352224,09.10.2014,0.5mm net kick net
136,468001,26.10.2015,0.5mm net kick net
136,716097,10.11.2016,0.5mm net kick net
136,747888,16.10.2017,0.5mm net kick net
139,383847,15.10.2007,0.5mm net kick net
139,383848,11.10.2008,0.5mm net kick net
139,383849,15.10.2009,0.5mm net kick net
139,383850,13.10.2010,0.5mm net kick net
139,219343,18.10.2011,0.5mm net kick net
139,219344,15.10.2012,0.5mm net kick net
139,355969,16.10.2013,0.5mm net kick net
139,303298,13.10.2014,0.5mm net kick net
139,467436,14.10.2015,0.5mm net kick net
139,752242,19.10.2016,0.5mm net kick net
139,730356,17.10.2017,0.5mm net kick net
139,777442,17.10.2018,0.5mm net kick net
139,858065,15.10.2019,0.5mm net kick net
140,614875,20.10.2004,1.5mm mesh kitchen strainer kick net
140,614877,15.09.2005,1.5mm mesh kitchen strainer kick net
140,614878,15.09.2006,1.5mm mesh kitchen strainer kick net
140,614879,26.09.2007,1.5mm mesh kitchen strainer kick net
140,614880,15.09.2008,1.5mm mesh kitchen strainer kick net
140,614881,17.09.2009,1.5mm mesh kitchen strainer kick net
140,614882,03.09.2010,1.5mm mesh kitchen strainer kick net
140,614883,05.10.2011,1.5mm mesh kitchen strainer kick net
140,614669,12.09.2012,1.5mm mesh kitchen strainer kick net
140,614670,14.09.2013,1.5mm mesh kitchen strainer kick net
140,281287,14.09.2014,1.5mm mesh kitchen strainer kick net
140,627063,12.09.2015,1.5mm mesh kitchen strainer kick net
140,627180,08.09.2016,1.5mm mesh kitchen strainer kick net
140,729899,18.09.2017,1.5mm mesh kitchen strainer kick net
140,775716,10.09.2018,1.5mm mesh kitchen strainer kick net
140,830363,19.09.2019,1.5mm mesh kitchen strainer kick net
141,614821,22.10.2004,1.5mm mesh kitchen strainer kick net
141,614823,10.09.2005,1.5mm mesh kitchen strainer kick net
141,614824,21.09.2006,1.5mm mesh kitchen strainer kick net
141,614825,29.09.2007,1.5mm mesh kitchen strainer kick net
141,614826,23.09.2008,1.5mm mesh kitchen strainer kick net
141,614827,26.09.2009,1.5mm mesh kitchen strainer kick net
141,614828,16.09.2010,1.5mm mesh kitchen strainer kick net
141,614829,30.09.2011,1.5mm mesh kitchen strainer kick net
141,614657,22.09.2012,1.5mm mesh kitchen strainer kick net
141,614658,22.09.2013,1.5mm mesh kitchen strainer kick net
141,281281,20.09.2014,1.5mm mesh kitchen strainer kick net
142,615000,16.09.2005,1.5mm mesh kitchen strainer kick net
142,615001,15.09.2006,1.5mm mesh kitchen strainer kick net
142,615002,20.09.2007,1.5mm mesh kitchen strainer kick net
142,615003,14.09.2008,1.5mm mesh kitchen strainer kick net
142,615004,17.09.2009,1.5mm mesh kitchen strainer kick net
142,615005,03.09.2010,1.5mm mesh kitchen strainer kick net
142,615006,06.10.2011,1.5mm mesh kitchen strainer kick net
142,614695,12.09.2012,1.5mm mesh kitchen strainer kick net
142,614696,14.09.2013,1.5mm mesh kitchen strainer kick net
142,281299,14.09.2014,1.5mm mesh kitchen strainer kick net
142,627072,12.09.2015,1.5mm mesh kitchen strainer kick net
142,627189,07.09.2016,1.5mm mesh kitchen strainer kick net
142,729908,18.09.2017,1.5mm mesh kitchen strainer kick net
142,775725,10.09.2018,1.5mm mesh kitchen strainer kick net
142,830372,19.09.2019,1.5mm mesh kitchen strainer kick net
143,614866,02.11.2004,1.5mm mesh kitchen strainer kick net
143,614868,25.09.2005,1.5mm mesh kitchen strainer kick net
143,614869,24.09.2006,1.5mm mesh kitchen strainer kick net
143,614870,19.09.2007,1.5mm mesh kitchen strainer kick net
143,614871,18.09.2008,1.5mm mesh kitchen strainer kick net
143,614872,20.09.2009,1.5mm mesh kitchen strainer kick net
143,614873,17.09.2010,1.5mm mesh kitchen strainer kick net
143,614874,26.09.2011,1.5mm mesh kitchen strainer kick net
143,614667,19.09.2012,1.5mm mesh kitchen strainer kick net
143,614668,13.09.2013,1.5mm mesh kitchen strainer kick net
143,281286,22.09.2014,1.5mm mesh kitchen strainer kick net
143,627062,09.09.2015,1.5mm mesh kitchen strainer kick net
143,627179,13.09.2016,1.5mm mesh kitchen strainer kick net
143,729898,13.09.2017,1.5mm mesh kitchen strainer kick net
143,775715,12.09.2018,1.5mm mesh kitchen strainer kick net
143,830362,07.09.2019,1.5mm mesh kitchen strainer kick net
145,614942,22.09.2005,1.5mm mesh kitchen strainer kick net
145,614943,17.09.2006,1.5mm mesh kitchen strainer kick net
145,614944,09.09.2007,1.5mm mesh kitchen strainer kick net
145,614945,11.09.2008,1.5mm mesh kitchen strainer kick net
145,614946,30.09.2009,1.5mm mesh kitchen strainer kick net
145,614947,27.09.2010,1.5mm mesh kitchen strainer kick net
145,614948,03.10.2011,1.5mm mesh kitchen strainer kick net
145,614682,28.09.2012,1.5mm mesh kitchen strainer kick net
145,614683,18.09.2013,1.5mm mesh kitchen strainer kick net
145,281292,27.09.2014,1.5mm mesh kitchen strainer kick net
145,627066,14.09.2015,1.5mm mesh kitchen strainer kick net
145,627183,18.09.2016,1.5mm mesh kitchen strainer kick net
145,729902,19.09.2017,1.5mm mesh kitchen strainer kick net
145,775719,16.09.2018,1.5mm mesh kitchen strainer kick net
145,830366,11.09.2019,1.5mm mesh kitchen strainer kick net
146,219831,04.06.2006,0.5mm net kick net
146,219832,25.04.2007,0.5mm net kick net
146,219833,23.04.2008,0.5mm net kick net
146,219834,22.04.2009,0.5mm net kick net
146,219835,27.04.2011,0.5mm net kick net
146,467590,02.05.2013,0.5mm net kick net
146,722448,10.04.2014,0.5mm net kick net
146,722449,27.04.2015,0.5mm net kick net
146,722450,19.05.2016,0.5mm net kick net
146,722451,19.05.2017,0.5mm net kick net
148,383742,07.10.2007,0.5mm net kick net
148,383743,26.09.2008,0.5mm net kick net
148,383744,05.10.2009,0.5mm net kick net
148,383745,29.09.2010,0.5mm net kick net
148,219389,11.10.2011,0.5mm net kick net
148,219390,17.10.2012,0.5mm net kick net
148,355938,16.10.2013,0.5mm net kick net
148,303284,17.10.2014,0.5mm net kick net
148,467423,28.09.2015,0.5mm net kick net
148,752228,10.10.2016,0.5mm net kick net
148,730341,02.10.2017,0.5mm net kick net
148,777438,16.10.2018,0.5mm net kick net
148,858050,18.09.2019,0.5mm net kick net
149,383675,22.10.2001,0.5mm net kick net
149,383676,21.11.2002,0.5mm net kick net
149,383677,18.10.2003,0.5mm net kick net
149,383678,08.11.2004,0.5mm net kick net
149,383679,21.09.2005,0.5mm net kick net
149,383680,28.10.2006,0.5mm net kick net
149,383681,30.10.2007,0.5mm net kick net
149,383682,27.10.2008,0.5mm net kick net
149,383683,16.10.2009,0.5mm net kick net
149,383684,23.10.2010,0.5mm net kick net
149,219365,13.10.2011,0.5mm net kick net
149,219366,02.10.2012,0.5mm net kick net
149,355951,22.10.2013,0.5mm net kick net
149,303291,03.10.2014,0.5mm net kick net
149,467428,05.10.2015,0.5mm net kick net
149,752234,04.10.2016,0.5mm net kick net
149,730348,04.10.2017,0.5mm net kick net
149,776349,30.10.2018,0.5mm net kick net
149,858057,01.10.2019,0.5mm net kick net
150,614976,09.09.2005,1.5mm mesh kitchen strainer kick net
150,614977,23.09.2006,1.5mm mesh kitchen strainer kick net
150,614978,02.10.2007,1.5mm mesh kitchen strainer kick net
150,614979,24.09.2008,1.5mm mesh kitchen strainer kick net
150,614980,27.09.2009,1.5mm mesh kitchen strainer kick net
150,614981,16.09.2010,1.5mm mesh kitchen strainer kick net
150,614982,29.09.2011,1.5mm mesh kitchen strainer kick net
150,614689,21.09.2012,1.5mm mesh kitchen strainer kick net
150,614690,22.09.2013,1.5mm mesh kitchen strainer kick net
150,281296,20.09.2014,1.5mm mesh kitchen strainer kick net
151,383810,17.10.2007,0.5mm net kick net
151,383811,13.10.2008,0.5mm net kick net
151,383812,08.10.2009,0.5mm net kick net
151,383813,05.10.2010,0.5mm net kick net
151,219423,25.10.2011,0.5mm net kick net
151,219424,16.11.2012,0.5mm net kick net
151,355955,08.10.2013,0.5mm net kick net
151,303293,14.10.2014,0.5mm net kick net
151,467430,14.10.2015,0.5mm net kick net
151,752236,20.10.2016,0.5mm net kick net
151,730350,13.10.2017,0.5mm net kick net
151,776351,17.10.2018,0.5mm net kick net
151,858059,09.10.2019,0.5mm net kick net
152,614902,26.09.2005,1.5mm mesh kitchen strainer kick net
152,614903,21.09.2006,1.5mm mesh kitchen strainer kick net
152,614904,13.09.2007,1.5mm mesh kitchen strainer kick net
152,614905,15.09.2008,1.5mm mesh kitchen strainer kick net
152,614906,16.09.2009,1.5mm mesh kitchen strainer kick net
152,614907,14.09.2010,1.5mm mesh kitchen strainer kick net
152,614908,23.09.2011,1.5mm mesh kitchen strainer kick net
152,614674,13.09.2012,1.5mm mesh kitchen strainer kick net
152,614675,11.09.2013,1.5mm mesh kitchen strainer kick net
152,281289,20.09.2014,1.5mm mesh kitchen strainer kick net
153,735200,07.06.1997,1.5mm mesh kitchen strainer kick net
153,735201,31.05.1998,1.5mm mesh kitchen strainer kick net
153,735202,04.06.1999,1.5mm mesh kitchen strainer kick net
153,735203,09.06.2000,1.5mm mesh kitchen strainer kick net
153,735205,28.05.2002,1.5mm mesh kitchen strainer kick net
153,735206,07.06.2003,1.5mm mesh kitchen strainer kick net
153,735207,01.06.2004,1.5mm mesh kitchen strainer kick net
153,735208,14.06.2005,1.5mm mesh kitchen strainer kick net
153,735209,06.06.2006,1.5mm mesh kitchen strainer kick net
153,735210,26.05.2007,1.5mm mesh kitchen strainer kick net
153,735211,24.05.2008,1.5mm mesh kitchen strainer kick net
153,735212,16.06.2009,1.5mm mesh kitchen strainer kick net
153,735213,29.05.2010,1.5mm mesh kitchen strainer kick net
153,735214,03.06.2011,1.5mm mesh kitchen strainer kick net
153,735039,16.06.2012,1.5mm mesh kitchen strainer kick net
153,735040,03.06.2013,1.5mm mesh kitchen strainer kick net
153,571244,04.06.2014,1.5mm mesh kitchen strainer kick net
153,571259,29.05.2015,1.5mm mesh kitchen strainer kick net
153,600277,29.05.2016,1.5mm mesh kitchen strainer kick net
153,709454,31.05.2017,1.5mm mesh kitchen strainer kick net
153,761132,13.06.2018,1.5mm mesh kitchen strainer kick net
153,819534,01.06.2019,1.5mm mesh kitchen strainer kick net
154,219842,02.06.2006,0.5mm net kick net
154,219843,17.04.2007,0.5mm net kick net
154,219844,22.04.2008,0.5mm net kick net
154,219845,14.04.2009,0.5mm net kick net
154,219846,26.04.2011,0.5mm net kick net
154,467582,29.04.2013,0.5mm net kick net
154,722419,10.04.2014,0.5mm net kick net
154,722420,28.04.2015,0.5mm net kick net
154,722421,11.05.2016,0.5mm net kick net
154,722422,22.05.2017,0.5mm net kick net
155,383843,27.09.2007,0.5mm net kick net
155,383844,23.09.2008,0.5mm net kick net
155,383845,16.09.2009,0.5mm net kick net
155,383846,23.08.2010,0.5mm net kick net
155,219341,21.10.2011,0.5mm net kick net
155,219342,07.10.2012,0.5mm net kick net
155,355934,14.10.2013,0.5mm net kick net
155,297081,17.10.2014,0.5mm net kick net
155,380378,14.10.2015,0.5mm net kick net
155,581315,11.10.2016,0.5mm net kick net
155,716287,10.10.2017,0.5mm net kick net
155,765516,24.10.2018,0.5mm net kick net
155,823005,03.10.2019,0.5mm net kick net
156,242278,02.05.2006,0.5mm net kick net
156,242994,11.05.2007,0.5mm net kick net
156,244625,26.05.2008,0.5mm net kick net
156,244626,24.04.2009,0.5mm net kick net
156,241594,04.05.2010,0.5mm net kick net
156,243719,08.05.2011,0.5mm net kick net
156,250811,13.05.2012,0.5mm net kick net
156,307377,11.05.2013,0.5mm net kick net
156,468019,06.05.2014,0.5mm net kick net
156,716137,18.04.2015,0.5mm net kick net
156,716138,20.05.2016,0.5mm net kick net
156,747930,28.04.2017,0.5mm net kick net
156,788595,10.05.2018,0.5mm net kick net
157,383806,23.10.2007,0.5mm net kick net
157,383807,13.10.2008,0.5mm net kick net
157,383808,24.10.2009,0.5mm net kick net
157,383809,05.10.2010,0.5mm net kick net
157,219421,13.10.2011,0.5mm net kick net
157,219422,15.10.2012,0.5mm net kick net
157,235208,18.10.2013,0.5mm net kick net
157,297093,14.10.2014,0.5mm net kick net
157,380394,15.10.2015,0.5mm net kick net
157,581330,21.10.2016,0.5mm net kick net
157,716301,13.10.2017,0.5mm net kick net
157,765531,15.11.2018,0.5mm net kick net
157,823019,21.10.2019,0.5mm net kick net
158,650171,13.09.1996,0.5mm net kick net
158,650173,17.09.1997,0.5mm net kick net
158,650175,08.09.1998,0.5mm net kick net
158,650177,09.09.1999,0.5mm net kick net
158,650179,20.09.2000,0.5mm net kick net
158,650181,19.09.2001,0.5mm net kick net
158,650183,19.09.2002,0.5mm net kick net
158,650185,10.09.2003,0.5mm net kick net
158,650187,16.09.2004,0.5mm net kick net
158,650189,13.09.2005,0.5mm net kick net
158,650191,12.09.2006,0.5mm net kick net
158,383734,13.09.2007,0.5mm net kick net
158,383735,19.09.2008,0.5mm net kick net
158,383736,14.09.2009,0.5mm net kick net
158,383737,12.09.2010,0.5mm net kick net
158,219385,12.09.2011,0.5mm net kick net
158,219386,16.09.2012,0.5mm net kick net
158,355941,29.09.2013,0.5mm net kick net
158,297085,22.09.2014,0.5mm net kick net
158,380383,24.09.2015,0.5mm net kick net
158,581319,07.10.2016,0.5mm net kick net
158,716291,29.09.2017,0.5mm net kick net
158,765520,17.09.2018,0.5mm net kick net
158,823010,01.09.2019,0.5mm net kick net
158,650170,25.06.1996,0.5mm net kick net
158,650172,26.06.1997,0.5mm net kick net
158,650174,25.06.1998,0.5mm net kick net
158,650176,29.06.1999,0.5mm net kick net
158,650178,27.06.2000,0.5mm net kick net
158,650180,24.06.2001,0.5mm net kick net
158,650182,13.06.2002,0.5mm net kick net
158,650184,16.06.2003,0.5mm net kick net
158,650186,10.06.2004,0.5mm net kick net
158,650188,27.06.2005,0.5mm net kick net
158,650190,21.06.2006,0.5mm net kick net
159,735275,07.06.1997,1.5mm mesh kitchen strainer kick net
159,735276,30.05.1998,1.5mm mesh kitchen strainer kick net
159,735277,07.06.1999,1.5mm mesh kitchen strainer kick net
159,735278,08.06.2000,1.5mm mesh kitchen strainer kick net
159,735279,30.05.2001,1.5mm mesh kitchen strainer kick net
159,735280,04.06.2002,1.5mm mesh kitchen strainer kick net
159,735281,12.06.2003,1.5mm mesh kitchen strainer kick net
159,735282,04.06.2004,1.5mm mesh kitchen strainer kick net
159,735283,18.06.2005,1.5mm mesh kitchen strainer kick net
159,735284,07.06.2006,1.5mm mesh kitchen strainer kick net
159,735285,28.05.2007,1.5mm mesh kitchen strainer kick net
159,735286,19.05.2008,1.5mm mesh kitchen strainer kick net
159,735287,17.06.2009,1.5mm mesh kitchen strainer kick net
159,735288,24.05.2010,1.5mm mesh kitchen strainer kick net
159,735289,06.06.2011,1.5mm mesh kitchen strainer kick net
159,735049,05.06.2012,1.5mm mesh kitchen strainer kick net
159,735050,29.05.2013,1.5mm mesh kitchen strainer kick net
159,571256,01.06.2014,1.5mm mesh kitchen strainer kick net
159,571267,28.05.2015,1.5mm mesh kitchen strainer kick net
159,600285,26.05.2016,1.5mm mesh kitchen strainer kick net
159,709462,29.05.2017,1.5mm mesh kitchen strainer kick net
159,761140,04.06.2018,1.5mm mesh kitchen strainer kick net
159,819542,29.05.2019,1.5mm mesh kitchen strainer kick net
160,614968,08.09.2005,1.5mm mesh kitchen strainer kick net
160,614969,24.09.2006,1.5mm mesh kitchen strainer kick net
160,614970,02.10.2007,1.5mm mesh kitchen strainer kick net
160,614971,25.09.2008,1.5mm mesh kitchen strainer kick net
160,614972,28.09.2009,1.5mm mesh kitchen strainer kick net
160,614973,23.09.2010,1.5mm mesh kitchen strainer kick net
160,614974,28.09.2011,1.5mm mesh kitchen strainer kick net
160,614687,12.10.2012,1.5mm mesh kitchen strainer kick net
160,614688,27.09.2013,1.5mm mesh kitchen strainer kick net
160,281295,26.09.2014,1.5mm mesh kitchen strainer kick net
160,627069,27.09.2015,1.5mm mesh kitchen strainer kick net
160,627186,18.09.2016,1.5mm mesh kitchen strainer kick net
160,729905,22.09.2017,1.5mm mesh kitchen strainer kick net
160,775722,21.09.2018,1.5mm mesh kitchen strainer kick net
160,830369,24.09.2019,1.5mm mesh kitchen strainer kick net
161,383798,23.11.2007,0.5mm net kick net
161,383799,28.10.2008,0.5mm net kick net
161,383800,19.10.2009,0.5mm net kick net
161,383801,20.10.2010,0.5mm net kick net
161,219417,27.10.2011,0.5mm net kick net
161,219418,30.10.2012,0.5mm net kick net
161,355954,29.10.2013,0.5mm net kick net
161,297091,30.10.2014,0.5mm net kick net
161,380392,19.10.2015,0.5mm net kick net
161,581329,17.10.2016,0.5mm net kick net
161,716300,16.10.2017,0.5mm net kick net
161,765530,07.11.2018,0.5mm net kick net
162,383658,09.10.2000,0.5mm net kick net
162,383660,04.10.2001,0.5mm net kick net
162,383661,10.10.2002,0.5mm net kick net
162,383663,15.10.2003,0.5mm net kick net
162,383664,13.10.2004,0.5mm net kick net
162,383665,11.10.2005,0.5mm net kick net
162,383666,15.10.2006,0.5mm net kick net
162,383667,15.10.2007,0.5mm net kick net
162,383668,11.10.2008,0.5mm net kick net
162,383669,15.10.2009,0.5mm net kick net
162,383670,13.10.2010,0.5mm net kick net
162,219361,18.10.2011,0.5mm net kick net
162,219362,15.10.2012,0.5mm net kick net
162,355968,16.10.2013,0.5mm net kick net
162,355828,13.10.2014,0.5mm net kick net
162,380403,14.10.2015,0.5mm net kick net
162,581340,19.10.2016,0.5mm net kick net
162,716312,17.10.2017,0.5mm net kick net
162,765542,17.10.2018,0.5mm net kick net
162,823030,15.10.2019,0.5mm net kick net
163,735215,06.06.1997,1.5mm mesh kitchen strainer kick net
163,735216,31.05.1998,1.5mm mesh kitchen strainer kick net
163,735217,04.06.1999,1.5mm mesh kitchen strainer kick net
163,735218,10.06.2000,1.5mm mesh kitchen strainer kick net
163,735219,02.06.2001,1.5mm mesh kitchen strainer kick net
163,735220,02.06.2002,1.5mm mesh kitchen strainer kick net
163,735221,09.06.2003,1.5mm mesh kitchen strainer kick net
163,735222,31.05.2004,1.5mm mesh kitchen strainer kick net
163,735223,15.06.2005,1.5mm mesh kitchen strainer kick net
163,735224,04.06.2006,1.5mm mesh kitchen strainer kick net
163,735225,27.05.2007,1.5mm mesh kitchen strainer kick net
163,735226,25.05.2008,1.5mm mesh kitchen strainer kick net
163,735227,15.06.2009,1.5mm mesh kitchen strainer kick net
163,735228,23.05.2010,1.5mm mesh kitchen strainer kick net
163,735229,04.06.2011,1.5mm mesh kitchen strainer kick net
163,735041,14.06.2012,1.5mm mesh kitchen strainer kick net
163,735042,02.06.2013,1.5mm mesh kitchen strainer kick net
163,571257,03.06.2014,1.5mm mesh kitchen strainer kick net
163,571260,30.05.2015,1.5mm mesh kitchen strainer kick net
163,600278,28.05.2016,1.5mm mesh kitchen strainer kick net
163,709455,01.06.2017,1.5mm mesh kitchen strainer kick net
163,761133,14.06.2018,1.5mm mesh kitchen strainer kick net
163,819535,02.06.2019,1.5mm mesh kitchen strainer kick net
164,242266,22.11.2006,0.5mm net kick net
164,242979,16.10.2007,0.5mm net kick net
164,244607,02.10.2008,0.5mm net kick net
164,244611,04.10.2009,0.5mm net kick net
164,241584,21.10.2010,0.5mm net kick net
164,243706,23.10.2011,0.5mm net kick net
164,250853,28.09.2012,0.5mm net kick net
164,307375,11.10.2013,0.5mm net kick net
164,468017,03.10.2014,0.5mm net kick net
164,716123,27.10.2015,0.5mm net kick net
164,719118,23.10.2016,0.5mm net kick net
164,747920,26.10.2017,0.5mm net kick net
164,788583,02.10.2018,0.5mm net kick net
165,242265,22.11.2006,0.5mm net kick net
165,242978,16.10.2007,0.5mm net kick net
165,244606,02.10.2008,0.5mm net kick net
165,244610,04.10.2009,0.5mm net kick net
165,241583,21.10.2010,0.5mm net kick net
165,243705,23.10.2011,0.5mm net kick net
165,250852,28.09.2012,0.5mm net kick net
165,307374,13.10.2013,0.5mm net kick net
165,468016,03.10.2014,0.5mm net kick net
165,716122,27.10.2015,0.5mm net kick net
165,719117,30.10.2016,0.5mm net kick net
165,747919,26.10.2017,0.5mm net kick net
165,788582,02.10.2018,0.5mm net kick net
166,242264,22.11.2006,0.5mm net kick net
166,242977,16.10.2007,0.5mm net kick net
166,244605,02.10.2008,0.5mm net kick net
166,244609,04.10.2009,0.5mm net kick net
166,241582,21.10.2010,0.5mm net kick net
166,243704,23.10.2011,0.5mm net kick net
166,250851,28.09.2012,0.5mm net kick net
166,307373,13.10.2013,0.5mm net kick net
166,468015,03.10.2014,0.5mm net kick net
166,716121,27.10.2015,0.5mm net kick net
166,719116,30.10.2016,0.5mm net kick net
166,747918,26.10.2017,0.5mm net kick net
166,788581,02.10.2018,0.5mm net kick net
167,242263,22.11.2006,0.5mm net kick net
167,242976,16.10.2007,0.5mm net kick net
167,244604,02.10.2008,0.5mm net kick net
167,244608,04.10.2009,0.5mm net kick net
167,241581,21.10.2010,0.5mm net kick net
167,243703,23.10.2011,0.5mm net kick net
167,250850,28.09.2012,0.5mm net kick net
167,307372,11.10.2013,0.5mm net kick net
167,468014,03.10.2014,0.5mm net kick net
167,716120,27.10.2015,0.5mm net kick net
167,719115,23.10.2016,0.5mm net kick net
167,747917,26.10.2017,0.5mm net kick net
167,788580,02.10.2018,0.5mm net kick net
168,242210,20.10.2006,0.5mm net kick net
168,242915,17.10.2007,0.5mm net kick net
168,242916,30.10.2008,0.5mm net kick net
168,244550,18.11.2009,0.5mm net kick net
168,241533,19.10.2010,0.5mm net kick net
168,243641,25.10.2011,0.5mm net kick net
168,243633,16.10.2012,0.5mm net kick net
168,307355,03.10.2013,0.5mm net kick net
168,716076,22.10.2015,0.5mm net kick net
169,242208,19.10.2006,0.5mm net kick net
169,242911,17.10.2007,0.5mm net kick net
169,242912,30.10.2008,0.5mm net kick net
169,244548,18.11.2009,0.5mm net kick net
169,241531,19.10.2010,0.5mm net kick net
169,243639,25.10.2011,0.5mm net kick net
169,243634,16.10.2012,0.5mm net kick net
169,307353,02.10.2013,0.5mm net kick net
169,716073,22.10.2015,0.5mm net kick net
170,242209,19.10.2006,0.5mm net kick net
170,242913,16.10.2007,0.5mm net kick net
170,242914,30.10.2008,0.5mm net kick net
170,244549,19.11.2009,0.5mm net kick net
170,241532,19.10.2010,0.5mm net kick net
170,243640,25.10.2011,0.5mm net kick net
170,243635,16.10.2012,0.5mm net kick net
170,307354,02.10.2013,0.5mm net kick net
170,716074,22.10.2015,0.5mm net kick net
170,716075,29.11.2016,0.5mm net kick net
170,788553,22.10.2018,0.5mm net kick net
171,383786,19.10.2007,0.5mm net kick net
171,383787,23.10.2008,0.5mm net kick net
171,383788,09.10.2009,0.5mm net kick net
171,383789,13.10.2010,0.5mm net kick net
171,219411,24.10.2011,0.5mm net kick net
171,219412,19.10.2012,0.5mm net kick net
171,355948,18.10.2013,0.5mm net kick net
171,297088,20.10.2014,0.5mm net kick net
171,380387,21.10.2015,0.5mm net kick net
171,581324,26.10.2016,0.5mm net kick net
171,716295,30.10.2017,0.5mm net kick net
171,765525,21.09.2018,0.5mm net kick net
171,858055,29.10.2019,0.5mm net kick net
172,650198,23.09.1996,0.5mm net kick net
172,650200,16.09.1997,0.5mm net kick net
172,650202,08.09.1998,0.5mm net kick net
172,650204,13.09.1999,0.5mm net kick net
172,650207,15.09.2000,0.5mm net kick net
172,650208,26.09.2000,0.5mm net kick net
172,650210,18.09.2001,0.5mm net kick net
172,650212,17.09.2002,0.5mm net kick net
172,650214,24.09.2003,0.5mm net kick net
172,650216,21.09.2004,0.5mm net kick net
172,650218,15.09.2005,0.5mm net kick net
172,650220,27.09.2006,0.5mm net kick net
172,650221,19.09.2007,0.5mm net kick net
172,650222,17.09.2008,0.5mm net kick net
172,650223,15.09.2009,0.5mm net kick net
172,650224,15.09.2010,0.5mm net kick net
172,650225,26.09.2011,0.5mm net kick net
172,650226,02.10.2012,0.5mm net kick net
172,650227,24.09.2013,0.5mm net kick net
172,650228,16.09.2014,0.5mm net kick net
172,650229,22.09.2015,0.5mm net kick net
172,757170,05.10.2016,0.5mm net kick net
172,757171,03.10.2017,0.5mm net kick net
172,650197,24.06.1996,0.5mm net kick net
172,650199,25.06.1997,0.5mm net kick net
172,650201,24.06.1998,0.5mm net kick net
172,650203,14.06.1999,0.5mm net kick net
172,650205,15.06.2000,0.5mm net kick net
172,650206,26.06.2000,0.5mm net kick net
172,650209,25.06.2001,0.5mm net kick net
172,650211,04.06.2002,0.5mm net kick net
172,650213,16.06.2003,0.5mm net kick net
172,650215,09.06.2004,0.5mm net kick net
172,650217,27.06.2005,0.5mm net kick net
172,650219,07.06.2006,0.5mm net kick net
